file,line,type,commit,author,date,time,timezone,datetime,depth,length
style.css,1,css,bec72457,Calvin Truong,2026-04-09,18:13:57,-07:00,2026-04-09T18:13:57-07:00,0,5
style.css,2,css,825ef939,Calvin Truong,2026-04-15,21:21:04,-07:00,2026-04-15T21:21:04-07:00,1,0
style.css,3,css,825ef939,Calvin Truong,2026-04-15,21:21:04,-07:00,2026-04-15T21:21:04-07:00,1,33
style.css,4,css,825ef939,Calvin Truong,2026-04-15,21:21:04,-07:00,2026-04-15T21:21:04-07:00,0,0
style.css,5,css,825ef939,Calvin Truong,2026-04-15,21:21:04,-07:00,2026-04-15T21:21:04-07:00,1,0
style.css,6,css,825ef939,Calvin Truong,2026-04-15,21:21:04,-07:00,2026-04-15T21:21:04-07:00,1,67
style.css,7,css,bec72457,Calvin Truong,2026-04-09,18:13:57,-07:00,2026-04-09T18:13:57-07:00,0,0
style.css,8,css,bec72457,Calvin Truong,2026-04-09,18:13:57,-07:00,2026-04-09T18:13:57-07:00,0,0
style.css,9,css,bec72457,Calvin Truong,2026-04-09,18:13:57,-07:00,2026-04-09T18:13:57-07:00,0,4
style.css,10,css,bec72457,Calvin Truong,2026-04-09,18:13:57,-07:00,2026-04-09T18:13:57-07:00,1,32
style.css,11,css,825ef939,Calvin Truong,2026-04-15,21:21:04,-07:00,2026-04-15T21:21:04-07:00,1,23
style.css,12,css,bec72457,Calvin Truong,2026-04-09,18:13:57,-07:00,2026-04-09T18:13:57-07:00,0,0
style.css,13,css,bec72457,Calvin Truong,2026-04-09,18:13:57,-07:00,2026-04-09T18:13:57-07:00,0,0
style.css,14,css,f7618a96,Calvin Truong,2026-04-03,01:23:45,-07:00,2026-04-03T01:23:45-07:00,0,4
style.css,15,css,825ef939,Calvin Truong,2026-04-15,21:21:04,-07:00,2026-04-15T21:21:04-07:00,1,23
style.css,16,css,825ef939,Calvin Truong,2026-04-15,21:21:04,-07:00,2026-04-15T21:21:04-07:00,1,15
style.css,17,css,bec72457,Calvin Truong,2026-04-09,18:13:57,-07:00,2026-04-09T18:13:57-07:00,1,18
style.css,18,css,bec72457,Calvin Truong,2026-04-09,18:13:57,-07:00,2026-04-09T18:13:57-07:00,1,12
style.css,19,css,bec72457,Calvin Truong,2026-04-09,18:13:57,-07:00,2026-04-09T18:13:57-07:00,1,43
style.css,20,css,825ef939,Calvin Truong,2026-04-15,21:21:04,-07:00,2026-04-15T21:21:04-07:00,1,16
style.css,21,css,825ef939,Calvin Truong,2026-04-15,21:21:04,-07:00,2026-04-15T21:21:04-07:00,1,0
style.css,22,css,825ef939,Calvin Truong,2026-04-15,21:21:04,-07:00,2026-04-15T21:21:04-07:00,1,64
style.css,23,css,bec72457,Calvin Truong,2026-04-09,18:13:57,-07:00,2026-04-09T18:13:57-07:00,0,0
style.css,24,css,bec72457,Calvin Truong,2026-04-09,18:13:57,-07:00,2026-04-09T18:13:57-07:00,0,0
style.css,25,css,bec72457,Calvin Truong,2026-04-09,18:13:57,-07:00,2026-04-09T18:13:57-07:00,0,22
style.css,26,css,bec72457,Calvin Truong,2026-04-09,18:13:57,-07:00,2026-04-09T18:13:57-07:00,1,15
style.css,27,css,bec72457,Calvin Truong,2026-04-09,18:13:57,-07:00,2026-04-09T18:13:57-07:00,1,17
style.css,28,css,825ef939,Calvin Truong,2026-04-15,21:21:04,-07:00,2026-04-15T21:21:04-07:00,1,0
style.css,29,css,825ef939,Calvin Truong,2026-04-15,21:21:04,-07:00,2026-04-15T21:21:04-07:00,1,43
style.css,30,css,825ef939,Calvin Truong,2026-04-15,21:21:04,-07:00,2026-04-15T21:21:04-07:00,1,20
style.css,31,css,bec72457,Calvin Truong,2026-04-09,18:13:57,-07:00,2026-04-09T18:13:57-07:00,1,16
style.css,32,css,825ef939,Calvin Truong,2026-04-15,21:21:04,-07:00,2026-04-15T21:21:04-07:00,1,25
style.css,33,css,bec72457,Calvin Truong,2026-04-09,18:13:57,-07:00,2026-04-09T18:13:57-07:00,0,0
style.css,34,css,bec72457,Calvin Truong,2026-04-09,18:13:57,-07:00,2026-04-09T18:13:57-07:00,0,0
style.css,35,css,bec72457,Calvin Truong,2026-04-09,18:13:57,-07:00,2026-04-09T18:13:57-07:00,0,2
style.css,36,css,bec72457,Calvin Truong,2026-04-09,18:13:57,-07:00,2026-04-09T18:13:57-07:00,1,14
style.css,37,css,825ef939,Calvin Truong,2026-04-15,21:21:04,-07:00,2026-04-15T21:21:04-07:00,1,23
style.css,38,css,bec72457,Calvin Truong,2026-04-09,18:13:57,-07:00,2026-04-09T18:13:57-07:00,0,0
style.css,39,css,bec72457,Calvin Truong,2026-04-09,18:13:57,-07:00,2026-04-09T18:13:57-07:00,0,0
style.css,40,css,bec72457,Calvin Truong,2026-04-09,18:13:57,-07:00,2026-04-09T18:13:57-07:00,0,3
style.css,41,css,bec72457,Calvin Truong,2026-04-09,18:13:57,-07:00,2026-04-09T18:13:57-07:00,1,12
style.css,42,css,bec72457,Calvin Truong,2026-04-09,18:13:57,-07:00,2026-04-09T18:13:57-07:00,1,36
style.css,43,css,825ef939,Calvin Truong,2026-04-15,21:21:04,-07:00,2026-04-15T21:21:04-07:00,1,18
style.css,44,css,bec72457,Calvin Truong,2026-04-09,18:13:57,-07:00,2026-04-09T18:13:57-07:00,1,17
style.css,45,css,bec72457,Calvin Truong,2026-04-09,18:13:57,-07:00,2026-04-09T18:13:57-07:00,1,15
style.css,46,css,825ef939,Calvin Truong,2026-04-15,21:21:04,-07:00,2026-04-15T21:21:04-07:00,1,69
style.css,47,css,bec72457,Calvin Truong,2026-04-09,18:13:57,-07:00,2026-04-09T18:13:57-07:00,0,0
style.css,48,css,bec72457,Calvin Truong,2026-04-09,18:13:57,-07:00,2026-04-09T18:13:57-07:00,0,0
style.css,49,css,bec72457,Calvin Truong,2026-04-09,18:13:57,-07:00,2026-04-09T18:13:57-07:00,0,5
style.css,50,css,bec72457,Calvin Truong,2026-04-09,18:13:57,-07:00,2026-04-09T18:13:57-07:00,1,6
style.css,51,css,bec72457,Calvin Truong,2026-04-09,18:13:57,-07:00,2026-04-09T18:13:57-07:00,1,17
style.css,52,css,bec72457,Calvin Truong,2026-04-09,18:13:57,-07:00,2026-04-09T18:13:57-07:00,1,20
style.css,53,css,bec72457,Calvin Truong,2026-04-09,18:13:57,-07:00,2026-04-09T18:13:57-07:00,1,13
style.css,54,css,bec72457,Calvin Truong,2026-04-09,18:13:57,-07:00,2026-04-09T18:13:57-07:00,1,13
style.css,55,css,bec72457,Calvin Truong,2026-04-09,18:13:57,-07:00,2026-04-09T18:13:57-07:00,1,42
style.css,56,css,825ef939,Calvin Truong,2026-04-15,21:21:04,-07:00,2026-04-15T21:21:04-07:00,1,15
style.css,57,css,bec72457,Calvin Truong,2026-04-09,18:13:57,-07:00,2026-04-09T18:13:57-07:00,0,0
style.css,58,css,bec72457,Calvin Truong,2026-04-09,18:13:57,-07:00,2026-04-09T18:13:57-07:00,0,0
style.css,59,css,bec72457,Calvin Truong,2026-04-09,18:13:57,-07:00,2026-04-09T18:13:57-07:00,0,16
style.css,60,css,bec72457,Calvin Truong,2026-04-09,18:13:57,-07:00,2026-04-09T18:13:57-07:00,1,17
style.css,61,css,bec72457,Calvin Truong,2026-04-09,18:13:57,-07:00,2026-04-09T18:13:57-07:00,0,0
style.css,62,css,bec72457,Calvin Truong,2026-04-09,18:13:57,-07:00,2026-04-09T18:13:57-07:00,0,0
style.css,63,css,bec72457,Calvin Truong,2026-04-09,18:13:57,-07:00,2026-04-09T18:13:57-07:00,0,13
style.css,64,css,825ef939,Calvin Truong,2026-04-15,21:21:04,-07:00,2026-04-15T21:21:04-07:00,1,69
style.css,65,css,825ef939,Calvin Truong,2026-04-15,21:21:04,-07:00,2026-04-15T21:21:04-07:00,1,45
style.css,66,css,825ef939,Calvin Truong,2026-04-15,21:21:04,-07:00,2026-04-15T21:21:04-07:00,1,16
style.css,67,css,bec72457,Calvin Truong,2026-04-09,18:13:57,-07:00,2026-04-09T18:13:57-07:00,0,0
style.css,68,css,bec72457,Calvin Truong,2026-04-09,18:13:57,-07:00,2026-04-09T18:13:57-07:00,0,0
style.css,69,css,825ef939,Calvin Truong,2026-04-15,21:21:04,-07:00,2026-04-15T21:21:04-07:00,0,11
style.css,70,css,825ef939,Calvin Truong,2026-04-15,21:21:04,-07:00,2026-04-15T21:21:04-07:00,1,36
style.css,71,css,825ef939,Calvin Truong,2026-04-15,21:21:04,-07:00,2026-04-15T21:21:04-07:00,1,11
style.css,72,css,825ef939,Calvin Truong,2026-04-15,21:21:04,-07:00,2026-04-15T21:21:04-07:00,0,0
style.css,73,css,825ef939,Calvin Truong,2026-04-15,21:21:04,-07:00,2026-04-15T21:21:04-07:00,0,0
style.css,74,css,825ef939,Calvin Truong,2026-04-15,21:21:04,-07:00,2026-04-15T21:21:04-07:00,0,42
style.css,75,css,825ef939,Calvin Truong,2026-04-15,21:21:04,-07:00,2026-04-15T21:21:04-07:00,1,23
style.css,76,css,825ef939,Calvin Truong,2026-04-15,21:21:04,-07:00,2026-04-15T21:21:04-07:00,1,16
style.css,77,css,825ef939,Calvin Truong,2026-04-15,21:21:04,-07:00,2026-04-15T21:21:04-07:00,1,36
style.css,78,css,bec72457,Calvin Truong,2026-04-09,18:13:57,-07:00,2026-04-09T18:13:57-07:00,0,0
style.css,79,css,bec72457,Calvin Truong,2026-04-09,18:13:57,-07:00,2026-04-09T18:13:57-07:00,0,0
style.css,80,css,bec72457,Calvin Truong,2026-04-09,18:13:57,-07:00,2026-04-09T18:13:57-07:00,0,4
style.css,81,css,bec72457,Calvin Truong,2026-04-09,18:13:57,-07:00,2026-04-09T18:13:57-07:00,1,12
style.css,82,css,bec72457,Calvin Truong,2026-04-09,18:13:57,-07:00,2026-04-09T18:13:57-07:00,1,30
style.css,83,css,bec72457,Calvin Truong,2026-04-09,18:13:57,-07:00,2026-04-09T18:13:57-07:00,1,7
style.css,84,css,bec72457,Calvin Truong,2026-04-09,18:13:57,-07:00,2026-04-09T18:13:57-07:00,0,0
style.css,85,css,bec72457,Calvin Truong,2026-04-09,18:13:57,-07:00,2026-04-09T18:13:57-07:00,0,0
style.css,86,css,bec72457,Calvin Truong,2026-04-09,18:13:57,-07:00,2026-04-09T18:13:57-07:00,0,23
style.css,87,css,bec72457,Calvin Truong,2026-04-09,18:13:57,-07:00,2026-04-09T18:13:57-07:00,1,12
style.css,88,css,bec72457,Calvin Truong,2026-04-09,18:13:57,-07:00,2026-04-09T18:13:57-07:00,1,10
style.css,89,css,bec72457,Calvin Truong,2026-04-09,18:13:57,-07:00,2026-04-09T18:13:57-07:00,1,21
style.css,90,css,825ef939,Calvin Truong,2026-04-15,21:21:04,-07:00,2026-04-15T21:21:04-07:00,1,36
style.css,91,css,825ef939,Calvin Truong,2026-04-15,21:21:04,-07:00,2026-04-15T21:21:04-07:00,1,13
style.css,92,css,825ef939,Calvin Truong,2026-04-15,21:21:04,-07:00,2026-04-15T21:21:04-07:00,1,17
style.css,93,css,bec72457,Calvin Truong,2026-04-09,18:13:57,-07:00,2026-04-09T18:13:57-07:00,0,0
style.css,94,css,bec72457,Calvin Truong,2026-04-09,18:13:57,-07:00,2026-04-09T18:13:57-07:00,0,0
style.css,95,css,825ef939,Calvin Truong,2026-04-15,21:21:04,-07:00,2026-04-15T21:21:04-07:00,0,27
style.css,96,css,825ef939,Calvin Truong,2026-04-15,21:21:04,-07:00,2026-04-15T21:21:04-07:00,1,37
style.css,97,css,825ef939,Calvin Truong,2026-04-15,21:21:04,-07:00,2026-04-15T21:21:04-07:00,1,24
style.css,98,css,bec72457,Calvin Truong,2026-04-09,18:13:57,-07:00,2026-04-09T18:13:57-07:00,0,0
style.css,99,css,bec72457,Calvin Truong,2026-04-09,18:13:57,-07:00,2026-04-09T18:13:57-07:00,0,0
style.css,100,css,bec72457,Calvin Truong,2026-04-09,18:13:57,-07:00,2026-04-09T18:13:57-07:00,0,6
style.css,101,css,bec72457,Calvin Truong,2026-04-09,18:13:57,-07:00,2026-04-09T18:13:57-07:00,1,18
style.css,102,css,bec72457,Calvin Truong,2026-04-09,18:13:57,-07:00,2026-04-09T18:13:57-07:00,1,36
style.css,103,css,bec72457,Calvin Truong,2026-04-09,18:13:57,-07:00,2026-04-09T18:13:57-07:00,1,11
style.css,104,css,bec72457,Calvin Truong,2026-04-09,18:13:57,-07:00,2026-04-09T18:13:57-07:00,1,16
style.css,105,css,bec72457,Calvin Truong,2026-04-09,18:13:57,-07:00,2026-04-09T18:13:57-07:00,1,14
style.css,106,css,bec72457,Calvin Truong,2026-04-09,18:13:57,-07:00,2026-04-09T18:13:57-07:00,1,11
style.css,107,css,bec72457,Calvin Truong,2026-04-09,18:13:57,-07:00,2026-04-09T18:13:57-07:00,1,13
style.css,108,css,825ef939,Calvin Truong,2026-04-15,21:21:04,-07:00,2026-04-15T21:21:04-07:00,1,17
style.css,109,css,825ef939,Calvin Truong,2026-04-15,21:21:04,-07:00,2026-04-15T21:21:04-07:00,1,38
style.css,110,css,825ef939,Calvin Truong,2026-04-15,21:21:04,-07:00,2026-04-15T21:21:04-07:00,0,0
style.css,111,css,825ef939,Calvin Truong,2026-04-15,21:21:04,-07:00,2026-04-15T21:21:04-07:00,0,0
style.css,112,css,825ef939,Calvin Truong,2026-04-15,21:21:04,-07:00,2026-04-15T21:21:04-07:00,0,12
style.css,113,css,825ef939,Calvin Truong,2026-04-15,21:21:04,-07:00,2026-04-15T21:21:04-07:00,1,22
style.css,114,css,bec72457,Calvin Truong,2026-04-09,18:13:57,-07:00,2026-04-09T18:13:57-07:00,0,0
style.css,115,css,bec72457,Calvin Truong,2026-04-09,18:13:57,-07:00,2026-04-09T18:13:57-07:00,0,0
style.css,116,css,bec72457,Calvin Truong,2026-04-09,18:13:57,-07:00,2026-04-09T18:13:57-07:00,0,9
style.css,117,css,bec72457,Calvin Truong,2026-04-09,18:13:57,-07:00,2026-04-09T18:13:57-07:00,1,12
style.css,118,css,bec72457,Calvin Truong,2026-04-09,18:13:57,-07:00,2026-04-09T18:13:57-07:00,1,58
style.css,119,css,825ef939,Calvin Truong,2026-04-15,21:21:04,-07:00,2026-04-15T21:21:04-07:00,1,9
style.css,120,css,bec72457,Calvin Truong,2026-04-09,18:13:57,-07:00,2026-04-09T18:13:57-07:00,0,0
style.css,121,css,bec72457,Calvin Truong,2026-04-09,18:13:57,-07:00,2026-04-09T18:13:57-07:00,0,0
style.css,122,css,bec72457,Calvin Truong,2026-04-09,18:13:57,-07:00,2026-04-09T18:13:57-07:00,0,17
style.css,123,css,bec72457,Calvin Truong,2026-04-09,18:13:57,-07:00,2026-04-09T18:13:57-07:00,1,12
style.css,124,css,bec72457,Calvin Truong,2026-04-09,18:13:57,-07:00,2026-04-09T18:13:57-07:00,1,26
style.css,125,css,bec72457,Calvin Truong,2026-04-09,18:13:57,-07:00,2026-04-09T18:13:57-07:00,1,15
style.css,126,css,bec72457,Calvin Truong,2026-04-09,18:13:57,-07:00,2026-04-09T18:13:57-07:00,1,7
style.css,127,css,825ef939,Calvin Truong,2026-04-15,21:21:04,-07:00,2026-04-15T21:21:04-07:00,1,36
style.css,128,css,bec72457,Calvin Truong,2026-04-09,18:13:57,-07:00,2026-04-09T18:13:57-07:00,1,13
style.css,129,css,825ef939,Calvin Truong,2026-04-15,21:21:04,-07:00,2026-04-15T21:21:04-07:00,1,18
style.css,130,css,bec72457,Calvin Truong,2026-04-09,18:13:57,-07:00,2026-04-09T18:13:57-07:00,0,0
style.css,131,css,bec72457,Calvin Truong,2026-04-09,18:13:57,-07:00,2026-04-09T18:13:57-07:00,0,0
style.css,132,css,825ef939,Calvin Truong,2026-04-15,21:21:04,-07:00,2026-04-15T21:21:04-07:00,0,7
style.css,133,css,825ef939,Calvin Truong,2026-04-15,21:21:04,-07:00,2026-04-15T21:21:04-07:00,1,41
style.css,134,css,825ef939,Calvin Truong,2026-04-15,21:21:04,-07:00,2026-04-15T21:21:04-07:00,1,18
style.css,135,css,825ef939,Calvin Truong,2026-04-15,21:21:04,-07:00,2026-04-15T21:21:04-07:00,1,19
style.css,136,css,bec72457,Calvin Truong,2026-04-09,18:13:57,-07:00,2026-04-09T18:13:57-07:00,0,0
style.css,137,css,bec72457,Calvin Truong,2026-04-09,18:13:57,-07:00,2026-04-09T18:13:57-07:00,0,0
style.css,138,css,825ef939,Calvin Truong,2026-04-15,21:21:04,-07:00,2026-04-15T21:21:04-07:00,0,13
style.css,139,css,825ef939,Calvin Truong,2026-04-15,21:21:04,-07:00,2026-04-15T21:21:04-07:00,1,17
style.css,140,css,825ef939,Calvin Truong,2026-04-15,21:21:04,-07:00,2026-04-15T21:21:04-07:00,1,8
style.css,141,css,825ef939,Calvin Truong,2026-04-15,21:21:04,-07:00,2026-04-15T21:21:04-07:00,1,10
style.css,142,css,825ef939,Calvin Truong,2026-04-15,21:21:04,-07:00,2026-04-15T21:21:04-07:00,1,13
style.css,143,css,f957224c,Calvin Truong,2026-04-29,13:25:33,-07:00,2026-04-29T13:25:33-07:00,0,0
style.css,144,css,f957224c,Calvin Truong,2026-04-29,13:25:33,-07:00,2026-04-29T13:25:33-07:00,0,0
style.css,145,css,f957224c,Calvin Truong,2026-04-29,13:25:33,-07:00,2026-04-29T13:25:33-07:00,0,14
style.css,146,css,00000000,Not Committed Yet,2026-05-08,17:21:25,-07:00,2026-05-08T17:21:25-07:00,2,14
style.css,147,css,00000000,Not Committed Yet,2026-05-08,17:21:25,-07:00,2026-05-08T17:21:25-07:00,2,16
style.css,148,css,00000000,Not Committed Yet,2026-05-08,17:21:25,-07:00,2026-05-08T17:21:25-07:00,2,16
style.css,149,css,f957224c,Calvin Truong,2026-04-29,13:25:33,-07:00,2026-04-29T13:25:33-07:00,0,0
style.css,150,css,f957224c,Calvin Truong,2026-04-29,13:25:33,-07:00,2026-04-29T13:25:33-07:00,0,0
style.css,151,css,f957224c,Calvin Truong,2026-04-29,13:25:33,-07:00,2026-04-29T13:25:33-07:00,0,0
style.css,152,css,00000000,Not Committed Yet,2026-05-08,17:21:25,-07:00,2026-05-08T17:21:25-07:00,0,0
style.css,153,css,f957224c,Calvin Truong,2026-04-29,13:25:33,-07:00,2026-04-29T13:25:33-07:00,0,10
style.css,154,css,f957224c,Calvin Truong,2026-04-29,13:25:33,-07:00,2026-04-29T13:25:33-07:00,2,12
style.css,155,css,f957224c,Calvin Truong,2026-04-29,13:25:33,-07:00,2026-04-29T13:25:33-07:00,2,18
style.css,156,css,f957224c,Calvin Truong,2026-04-29,13:25:33,-07:00,2026-04-29T13:25:33-07:00,2,7
style.css,157,css,f957224c,Calvin Truong,2026-04-29,13:25:33,-07:00,2026-04-29T13:25:33-07:00,0,0
style.css,158,css,f957224c,Calvin Truong,2026-04-29,13:25:33,-07:00,2026-04-29T13:25:33-07:00,0,0
style.css,159,css,f957224c,Calvin Truong,2026-04-29,13:25:33,-07:00,2026-04-29T13:25:33-07:00,0,0
style.css,160,css,00000000,Not Committed Yet,2026-05-08,17:21:25,-07:00,2026-05-08T17:21:25-07:00,0,0
style.css,161,css,f957224c,Calvin Truong,2026-04-29,13:25:33,-07:00,2026-04-29T13:25:33-07:00,0,14
style.css,162,css,f957224c,Calvin Truong,2026-04-29,13:25:33,-07:00,2026-04-29T13:25:33-07:00,2,14
style.css,163,css,f957224c,Calvin Truong,2026-04-29,13:25:33,-07:00,2026-04-29T13:25:33-07:00,2,16
style.css,164,css,f957224c,Calvin Truong,2026-04-29,13:25:33,-07:00,2026-04-29T13:25:33-07:00,2,16
style.css,165,css,f957224c,Calvin Truong,2026-04-29,13:25:33,-07:00,2026-04-29T13:25:33-07:00,0,0
style.css,166,css,f957224c,Calvin Truong,2026-04-29,13:25:33,-07:00,2026-04-29T13:25:33-07:00,0,0
style.css,167,css,f957224c,Calvin Truong,2026-04-29,13:25:33,-07:00,2026-04-29T13:25:33-07:00,0,0
style.css,168,css,00000000,Not Committed Yet,2026-05-08,17:21:25,-07:00,2026-05-08T17:21:25-07:00,0,0
style.css,169,css,f957224c,Calvin Truong,2026-04-29,13:25:33,-07:00,2026-04-29T13:25:33-07:00,0,0
style.css,170,css,f957224c,Calvin Truong,2026-04-29,13:25:33,-07:00,2026-04-29T13:25:33-07:00,0,0
style.css,171,css,f957224c,Calvin Truong,2026-04-29,13:25:33,-07:00,2026-04-29T13:25:33-07:00,0,7
style.css,172,css,f957224c,Calvin Truong,2026-04-29,13:25:33,-07:00,2026-04-29T13:25:33-07:00,2,12
style.css,173,css,f957224c,Calvin Truong,2026-04-29,13:25:33,-07:00,2026-04-29T13:25:33-07:00,2,57
style.css,174,css,f957224c,Calvin Truong,2026-04-29,13:25:33,-07:00,2026-04-29T13:25:33-07:00,2,7
style.css,175,css,f957224c,Calvin Truong,2026-04-29,13:25:33,-07:00,2026-04-29T13:25:33-07:00,2,6
style.css,176,css,f957224c,Calvin Truong,2026-04-29,13:25:33,-07:00,2026-04-29T13:25:33-07:00,2,15
style.css,177,css,f957224c,Calvin Truong,2026-04-29,13:25:33,-07:00,2026-04-29T13:25:33-07:00,2,11
style.css,178,css,f957224c,Calvin Truong,2026-04-29,13:25:33,-07:00,2026-04-29T13:25:33-07:00,2,21
style.css,179,css,f957224c,Calvin Truong,2026-04-29,13:25:33,-07:00,2026-04-29T13:25:33-07:00,0,0
style.css,180,css,f957224c,Calvin Truong,2026-04-29,13:25:33,-07:00,2026-04-29T13:25:33-07:00,0,0
style.css,181,css,f957224c,Calvin Truong,2026-04-29,13:25:33,-07:00,2026-04-29T13:25:33-07:00,0,0
style.css,182,css,f957224c,Calvin Truong,2026-04-29,13:25:33,-07:00,2026-04-29T13:25:33-07:00,0,0
style.css,183,css,f957224c,Calvin Truong,2026-04-29,13:25:33,-07:00,2026-04-29T13:25:33-07:00,0,0
style.css,184,css,f957224c,Calvin Truong,2026-04-29,13:25:33,-07:00,2026-04-29T13:25:33-07:00,0,12
style.css,185,css,f957224c,Calvin Truong,2026-04-29,13:25:33,-07:00,2026-04-29T13:25:33-07:00,2,12
style.css,186,css,f957224c,Calvin Truong,2026-04-29,13:25:33,-07:00,2026-04-29T13:25:33-07:00,2,18
style.css,187,css,f957224c,Calvin Truong,2026-04-29,13:25:33,-07:00,2026-04-29T13:25:33-07:00,2,9
style.css,188,css,f957224c,Calvin Truong,2026-04-29,13:25:33,-07:00,2026-04-29T13:25:33-07:00,0,0
style.css,189,css,f957224c,Calvin Truong,2026-04-29,13:25:33,-07:00,2026-04-29T13:25:33-07:00,0,0
style.css,190,css,f957224c,Calvin Truong,2026-04-29,13:25:33,-07:00,2026-04-29T13:25:33-07:00,0,0
style.css,191,css,f957224c,Calvin Truong,2026-04-29,13:25:33,-07:00,2026-04-29T13:25:33-07:00,0,0
style.css,192,css,f957224c,Calvin Truong,2026-04-29,13:25:33,-07:00,2026-04-29T13:25:33-07:00,0,0
style.css,193,css,f957224c,Calvin Truong,2026-04-29,13:25:33,-07:00,2026-04-29T13:25:33-07:00,0,7
style.css,194,css,f957224c,Calvin Truong,2026-04-29,13:25:33,-07:00,2026-04-29T13:25:33-07:00,2,20
style.css,195,css,f957224c,Calvin Truong,2026-04-29,13:25:33,-07:00,2026-04-29T13:25:33-07:00,2,9
style.css,196,css,f957224c,Calvin Truong,2026-04-29,13:25:33,-07:00,2026-04-29T13:25:33-07:00,2,10
style.css,197,css,f957224c,Calvin Truong,2026-04-29,13:25:33,-07:00,2026-04-29T13:25:33-07:00,2,29
style.css,198,css,f957224c,Calvin Truong,2026-04-29,13:25:33,-07:00,2026-04-29T13:25:33-07:00,2,17
style.css,199,css,f957224c,Calvin Truong,2026-04-29,13:25:33,-07:00,2026-04-29T13:25:33-07:00,0,0
style.css,200,css,00000000,Not Committed Yet,2026-05-08,17:21:25,-07:00,2026-05-08T17:21:25-07:00,0,0
style.css,201,css,f957224c,Calvin Truong,2026-04-29,13:25:33,-07:00,2026-04-29T13:25:33-07:00,0,4
style.css,202,css,f957224c,Calvin Truong,2026-04-29,13:25:33,-07:00,2026-04-29T13:25:33-07:00,1,16
style.css,203,css,f957224c,Calvin Truong,2026-04-29,13:25:33,-07:00,2026-04-29T13:25:33-07:00,1,14
style.css,204,css,f957224c,Calvin Truong,2026-04-29,13:25:33,-07:00,2026-04-29T13:25:33-07:00,1,12
style.css,205,css,f957224c,Calvin Truong,2026-04-29,13:25:33,-07:00,2026-04-29T13:25:33-07:00,0,0
style.css,206,css,f957224c,Calvin Truong,2026-04-29,13:25:33,-07:00,2026-04-29T13:25:33-07:00,0,0
style.css,207,css,f957224c,Calvin Truong,2026-04-29,13:25:33,-07:00,2026-04-29T13:25:33-07:00,0,0
style.css,208,css,f957224c,Calvin Truong,2026-04-29,13:25:33,-07:00,2026-04-29T13:25:33-07:00,0,36
style.css,209,css,f957224c,Calvin Truong,2026-04-29,13:25:33,-07:00,2026-04-29T13:25:33-07:00,1,11
style.css,210,css,f957224c,Calvin Truong,2026-04-29,13:25:33,-07:00,2026-04-29T13:25:33-07:00,0,0
style.css,211,css,f957224c,Calvin Truong,2026-04-29,13:25:33,-07:00,2026-04-29T13:25:33-07:00,0,0
style.css,212,css,f957224c,Calvin Truong,2026-04-29,13:25:33,-07:00,2026-04-29T13:25:33-07:00,0,0
style.css,213,css,f957224c,Calvin Truong,2026-04-29,13:25:33,-07:00,2026-04-29T13:25:33-07:00,0,13
style.css,214,css,f957224c,Calvin Truong,2026-04-29,13:25:33,-07:00,2026-04-29T13:25:33-07:00,1,12
style.css,215,css,f957224c,Calvin Truong,2026-04-29,13:25:33,-07:00,2026-04-29T13:25:33-07:00,1,12
style.css,216,css,f957224c,Calvin Truong,2026-04-29,13:25:33,-07:00,2026-04-29T13:25:33-07:00,1,16
style.css,217,css,f957224c,Calvin Truong,2026-04-29,13:25:33,-07:00,2026-04-29T13:25:33-07:00,1,9
style.css,218,css,f957224c,Calvin Truong,2026-04-29,13:25:33,-07:00,2026-04-29T13:25:33-07:00,0,0
style.css,219,css,f957224c,Calvin Truong,2026-04-29,13:25:33,-07:00,2026-04-29T13:25:33-07:00,0,0
style.css,220,css,f957224c,Calvin Truong,2026-04-29,13:25:33,-07:00,2026-04-29T13:25:33-07:00,0,0
style.css,221,css,f957224c,Calvin Truong,2026-04-29,13:25:33,-07:00,2026-04-29T13:25:33-07:00,0,21
style.css,222,css,f957224c,Calvin Truong,2026-04-29,13:25:33,-07:00,2026-04-29T13:25:33-07:00,1,16
style.css,223,css,f957224c,Calvin Truong,2026-04-29,13:25:33,-07:00,2026-04-29T13:25:33-07:00,0,0
style.css,224,css,f957224c,Calvin Truong,2026-04-29,13:25:33,-07:00,2026-04-29T13:25:33-07:00,0,0
style.css,225,css,f957224c,Calvin Truong,2026-04-29,13:25:33,-07:00,2026-04-29T13:25:33-07:00,0,0
style.css,226,css,f957224c,Calvin Truong,2026-04-29,13:25:33,-07:00,2026-04-29T13:25:33-07:00,0,29
style.css,227,css,f957224c,Calvin Truong,2026-04-29,13:25:33,-07:00,2026-04-29T13:25:33-07:00,1,34
style.css,228,css,f957224c,Calvin Truong,2026-04-29,13:25:33,-07:00,2026-04-29T13:25:33-07:00,1,18
style.css,229,css,f957224c,Calvin Truong,2026-04-29,13:25:33,-07:00,2026-04-29T13:25:33-07:00,0,0
style.css,230,css,00000000,Not Committed Yet,2026-05-08,17:21:25,-07:00,2026-05-08T17:21:25-07:00,0,0
style.css,231,css,00000000,Not Committed Yet,2026-05-08,17:21:25,-07:00,2026-05-08T17:21:25-07:00,0,34
style.css,232,css,00000000,Not Committed Yet,2026-05-08,17:21:25,-07:00,2026-05-08T17:21:25-07:00,0,33
style.css,233,css,00000000,Not Committed Yet,2026-05-08,17:21:25,-07:00,2026-05-08T17:21:25-07:00,0,60
style.css,234,css,00000000,Not Committed Yet,2026-05-08,17:21:25,-07:00,2026-05-08T17:21:25-07:00,0,59
style.css,235,css,00000000,Not Committed Yet,2026-05-08,17:21:25,-07:00,2026-05-08T17:21:25-07:00,0,68
style.css,236,css,00000000,Not Committed Yet,2026-05-08,17:21:25,-07:00,2026-05-08T17:21:25-07:00,0,27
style.css,237,css,00000000,Not Committed Yet,2026-05-08,17:21:25,-07:00,2026-05-08T17:21:25-07:00,2,12
style.css,238,css,00000000,Not Committed Yet,2026-05-08,17:21:25,-07:00,2026-05-08T17:21:25-07:00,2,58
style.css,239,css,00000000,Not Committed Yet,2026-05-08,17:21:25,-07:00,2026-05-08T17:21:25-07:00,2,7
style.css,240,css,00000000,Not Committed Yet,2026-05-08,17:21:25,-07:00,2026-05-08T17:21:25-07:00,2,15
style.css,241,css,00000000,Not Committed Yet,2026-05-08,17:21:25,-07:00,2026-05-08T17:21:25-07:00,2,18
style.css,242,css,00000000,Not Committed Yet,2026-05-08,17:21:25,-07:00,2026-05-08T17:21:25-07:00,2,16
style.css,243,css,00000000,Not Committed Yet,2026-05-08,17:21:25,-07:00,2026-05-08T17:21:25-07:00,2,13
style.css,244,css,00000000,Not Committed Yet,2026-05-08,17:21:25,-07:00,2026-05-08T17:21:25-07:00,2,30
style.css,245,css,00000000,Not Committed Yet,2026-05-08,17:21:25,-07:00,2026-05-08T17:21:25-07:00,2,18
style.css,246,css,00000000,Not Committed Yet,2026-05-08,17:21:25,-07:00,2026-05-08T17:21:25-07:00,2,17
style.css,247,css,00000000,Not Committed Yet,2026-05-08,17:21:25,-07:00,2026-05-08T17:21:25-07:00,0,0
style.css,248,css,00000000,Not Committed Yet,2026-05-08,17:21:25,-07:00,2026-05-08T17:21:25-07:00,0,0
style.css,249,css,00000000,Not Committed Yet,2026-05-08,17:21:25,-07:00,2026-05-08T17:21:25-07:00,0,0
style.css,250,css,00000000,Not Committed Yet,2026-05-08,17:21:25,-07:00,2026-05-08T17:21:25-07:00,0,40
style.css,251,css,00000000,Not Committed Yet,2026-05-08,17:21:25,-07:00,2026-05-08T17:21:25-07:00,0,33
style.css,252,css,00000000,Not Committed Yet,2026-05-08,17:21:25,-07:00,2026-05-08T17:21:25-07:00,2,10
style.css,253,css,00000000,Not Committed Yet,2026-05-08,17:21:25,-07:00,2026-05-08T17:21:25-07:00,2,19
style.css,254,css,00000000,Not Committed Yet,2026-05-08,17:21:25,-07:00,2026-05-08T17:21:25-07:00,2,14
style.css,255,css,00000000,Not Committed Yet,2026-05-08,17:21:25,-07:00,2026-05-08T17:21:25-07:00,2,56
style.css,256,css,00000000,Not Committed Yet,2026-05-08,17:21:25,-07:00,2026-05-08T17:21:25-07:00,2,19
style.css,257,css,00000000,Not Committed Yet,2026-05-08,17:21:25,-07:00,2026-05-08T17:21:25-07:00,2,19
style.css,258,css,00000000,Not Committed Yet,2026-05-08,17:21:25,-07:00,2026-05-08T17:21:25-07:00,2,18
style.css,259,css,00000000,Not Committed Yet,2026-05-08,17:21:25,-07:00,2026-05-08T17:21:25-07:00,0,0
style.css,260,css,00000000,Not Committed Yet,2026-05-08,17:21:25,-07:00,2026-05-08T17:21:25-07:00,0,0
style.css,261,css,00000000,Not Committed Yet,2026-05-08,17:21:25,-07:00,2026-05-08T17:21:25-07:00,0,0
style.css,262,css,00000000,Not Committed Yet,2026-05-08,17:21:25,-07:00,2026-05-08T17:21:25-07:00,0,40
style.css,263,css,00000000,Not Committed Yet,2026-05-08,17:21:25,-07:00,2026-05-08T17:21:25-07:00,0,33
style.css,264,css,00000000,Not Committed Yet,2026-05-08,17:21:25,-07:00,2026-05-08T17:21:25-07:00,2,10
style.css,265,css,00000000,Not Committed Yet,2026-05-08,17:21:25,-07:00,2026-05-08T17:21:25-07:00,2,8
style.css,266,css,00000000,Not Committed Yet,2026-05-08,17:21:25,-07:00,2026-05-08T17:21:25-07:00,2,14
style.css,267,css,00000000,Not Committed Yet,2026-05-08,17:21:25,-07:00,2026-05-08T17:21:25-07:00,2,16
style.css,268,css,00000000,Not Committed Yet,2026-05-08,17:21:25,-07:00,2026-05-08T17:21:25-07:00,2,19
style.css,269,css,00000000,Not Committed Yet,2026-05-08,17:21:25,-07:00,2026-05-08T17:21:25-07:00,0,0
style.css,270,css,00000000,Not Committed Yet,2026-05-08,17:21:25,-07:00,2026-05-08T17:21:25-07:00,0,29
style.css,271,css,00000000,Not Committed Yet,2026-05-08,17:21:25,-07:00,2026-05-08T17:21:25-07:00,0,8
style.css,272,css,00000000,Not Committed Yet,2026-05-08,17:21:25,-07:00,2026-05-08T17:21:25-07:00,2,14
style.css,273,css,00000000,Not Committed Yet,2026-05-08,17:21:25,-07:00,2026-05-08T17:21:25-07:00,2,67
style.css,274,css,00000000,Not Committed Yet,2026-05-08,17:21:25,-07:00,2026-05-08T17:21:25-07:00,2,21
style.css,275,css,00000000,Not Committed Yet,2026-05-08,17:21:25,-07:00,2026-05-08T17:21:25-07:00,2,12
style.css,276,css,00000000,Not Committed Yet,2026-05-08,17:21:25,-07:00,2026-05-08T17:21:25-07:00,2,17
style.css,277,css,00000000,Not Committed Yet,2026-05-08,17:21:25,-07:00,2026-05-08T17:21:25-07:00,2,34
style.css,278,css,00000000,Not Committed Yet,2026-05-08,17:21:25,-07:00,2026-05-08T17:21:25-07:00,2,9
style.css,279,css,00000000,Not Committed Yet,2026-05-08,17:21:25,-07:00,2026-05-08T17:21:25-07:00,2,24
style.css,280,css,00000000,Not Committed Yet,2026-05-08,17:21:25,-07:00,2026-05-08T17:21:25-07:00,2,37
style.css,281,css,00000000,Not Committed Yet,2026-05-08,17:21:25,-07:00,2026-05-08T17:21:25-07:00,0,0
style.css,282,css,00000000,Not Committed Yet,2026-05-08,17:21:25,-07:00,2026-05-08T17:21:25-07:00,0,0
style.css,283,css,00000000,Not Committed Yet,2026-05-08,17:21:25,-07:00,2026-05-08T17:21:25-07:00,0,0
style.css,284,css,00000000,Not Committed Yet,2026-05-08,17:21:25,-07:00,2026-05-08T17:21:25-07:00,0,33
style.css,285,css,00000000,Not Committed Yet,2026-05-08,17:21:25,-07:00,2026-05-08T17:21:25-07:00,0,15
style.css,286,css,00000000,Not Committed Yet,2026-05-08,17:21:25,-07:00,2026-05-08T17:21:25-07:00,2,12
style.css,287,css,00000000,Not Committed Yet,2026-05-08,17:21:25,-07:00,2026-05-08T17:21:25-07:00,2,9
style.css,288,css,00000000,Not Committed Yet,2026-05-08,17:21:25,-07:00,2026-05-08T17:21:25-07:00,0,0
style.css,289,css,00000000,Not Committed Yet,2026-05-08,17:21:25,-07:00,2026-05-08T17:21:25-07:00,0,0
style.css,290,css,00000000,Not Committed Yet,2026-05-08,17:21:25,-07:00,2026-05-08T17:21:25-07:00,0,0
style.css,291,css,00000000,Not Committed Yet,2026-05-08,17:21:25,-07:00,2026-05-08T17:21:25-07:00,0,31
style.css,292,css,00000000,Not Committed Yet,2026-05-08,17:21:25,-07:00,2026-05-08T17:21:25-07:00,0,0
style.css,293,css,00000000,Not Committed Yet,2026-05-08,17:21:25,-07:00,2026-05-08T17:21:25-07:00,0,0
style.css,294,css,00000000,Not Committed Yet,2026-05-08,17:21:25,-07:00,2026-05-08T17:21:25-07:00,0,21
style.css,295,css,00000000,Not Committed Yet,2026-05-08,17:21:25,-07:00,2026-05-08T17:21:25-07:00,0,10
style.css,296,css,00000000,Not Committed Yet,2026-05-08,17:21:25,-07:00,2026-05-08T17:21:25-07:00,2,16
style.css,297,css,00000000,Not Committed Yet,2026-05-08,17:21:25,-07:00,2026-05-08T17:21:25-07:00,2,26
style.css,298,css,00000000,Not Committed Yet,2026-05-08,17:21:25,-07:00,2026-05-08T17:21:25-07:00,2,21
style.css,299,css,00000000,Not Committed Yet,2026-05-08,17:21:25,-07:00,2026-05-08T17:21:25-07:00,0,0
style.css,300,css,00000000,Not Committed Yet,2026-05-08,17:21:25,-07:00,2026-05-08T17:21:25-07:00,0,0
style.css,301,css,00000000,Not Committed Yet,2026-05-08,17:21:25,-07:00,2026-05-08T17:21:25-07:00,0,0
index.js,1,js,70664836,Calvin Truong,2026-04-23,17:26:16,-07:00,2026-04-23T17:26:16-07:00,0,54
index.js,2,js,70664836,Calvin Truong,2026-04-23,17:26:16,-07:00,2026-04-23T17:26:16-07:00,0,0
index.js,3,js,70664836,Calvin Truong,2026-04-23,17:26:16,-07:00,2026-04-23T17:26:16-07:00,0,57
index.js,4,js,70664836,Calvin Truong,2026-04-23,17:26:16,-07:00,2026-04-23T17:26:16-07:00,0,54
index.js,5,js,70664836,Calvin Truong,2026-04-23,17:26:16,-07:00,2026-04-23T17:26:16-07:00,0,42
index.js,6,js,70664836,Calvin Truong,2026-04-23,17:26:16,-07:00,2026-04-23T17:26:16-07:00,0,60
index.js,7,js,70664836,Calvin Truong,2026-04-23,17:26:16,-07:00,2026-04-23T17:26:16-07:00,0,0
index.js,8,js,70664836,Calvin Truong,2026-04-23,17:26:16,-07:00,2026-04-23T17:26:16-07:00,0,22
index.js,9,js,70664836,Calvin Truong,2026-04-23,17:26:16,-07:00,2026-04-23T17:26:16-07:00,2,54
index.js,10,js,70664836,Calvin Truong,2026-04-23,17:26:16,-07:00,2026-04-23T17:26:16-07:00,0,0
index.js,11,js,70664836,Calvin Truong,2026-04-23,17:26:16,-07:00,2026-04-23T17:26:16-07:00,0,0
index.js,12,js,70664836,Calvin Truong,2026-04-23,17:26:16,-07:00,2026-04-23T17:26:16-07:00,0,44
index.js,13,js,70664836,Calvin Truong,2026-04-23,17:26:16,-07:00,2026-04-23T17:26:16-07:00,0,40
index.js,14,js,70664836,Calvin Truong,2026-04-23,17:26:16,-07:00,2026-04-23T17:26:16-07:00,2,71
index.js,15,js,70664836,Calvin Truong,2026-04-23,17:26:16,-07:00,2026-04-23T17:26:16-07:00,2,64
index.js,16,js,70664836,Calvin Truong,2026-04-23,17:26:16,-07:00,2026-04-23T17:26:16-07:00,0,0
index.js,17,js,70664836,Calvin Truong,2026-04-23,17:26:16,-07:00,2026-04-23T17:26:16-07:00,2,29
index.js,18,js,70664836,Calvin Truong,2026-04-23,17:26:16,-07:00,2026-04-23T17:26:16-07:00,4,28
index.js,19,js,70664836,Calvin Truong,2026-04-23,17:26:16,-07:00,2026-04-23T17:26:16-07:00,6,2
index.js,20,js,70664836,Calvin Truong,2026-04-23,17:26:16,-07:00,2026-04-23T17:26:16-07:00,8,49
index.js,21,js,70664836,Calvin Truong,2026-04-23,17:26:16,-07:00,2026-04-23T17:26:16-07:00,8,49
index.js,22,js,70664836,Calvin Truong,2026-04-23,17:26:16,-07:00,2026-04-23T17:26:16-07:00,8,43
index.js,23,js,70664836,Calvin Truong,2026-04-23,17:26:16,-07:00,2026-04-23T17:26:16-07:00,8,43
index.js,24,js,70664836,Calvin Truong,2026-04-23,17:26:16,-07:00,2026-04-23T17:26:16-07:00,6,3
index.js,25,js,70664836,Calvin Truong,2026-04-23,17:26:16,-07:00,2026-04-23T17:26:16-07:00,4,0
index.js,26,js,f957224c,Calvin Truong,2026-04-29,13:25:33,-07:00,2026-04-29T13:25:33-07:00,2,0
index.js,27,js,70664836,Calvin Truong,2026-04-23,17:26:16,-07:00,2026-04-23T17:26:16-07:00,0,0
index.js,28,js,70664836,Calvin Truong,2026-04-23,17:26:16,-07:00,2026-04-23T17:26:16-07:00,0,0
index.js,29,js,70664836,Calvin Truong,2026-04-23,17:26:16,-07:00,2026-04-23T17:26:16-07:00,0,29
index.html,1,html,efe0b5a9,Calvin Truong,2026-04-02,17:41:35,-07:00,2026-04-02T17:41:35-07:00,0,13
index.html,2,html,efe0b5a9,Calvin Truong,2026-04-02,17:41:35,-07:00,2026-04-02T17:41:35-07:00,0,14
index.html,3,html,efe0b5a9,Calvin Truong,2026-04-02,17:41:35,-07:00,2026-04-02T17:41:35-07:00,0,4
index.html,4,html,efe0b5a9,Calvin Truong,2026-04-02,17:41:35,-07:00,2026-04-02T17:41:35-07:00,2,20
index.html,5,html,efe0b5a9,Calvin Truong,2026-04-02,17:41:35,-07:00,2026-04-02T17:41:35-07:00,2,68
index.html,6,html,efe0b5a9,Calvin Truong,2026-04-02,17:41:35,-07:00,2026-04-02T17:41:35-07:00,2,55
index.html,7,html,f7618a96,Calvin Truong,2026-04-03,01:23:45,-07:00,2026-04-03T01:23:45-07:00,2,38
index.html,8,html,825ef939,Calvin Truong,2026-04-15,21:21:04,-07:00,2026-04-15T21:21:04-07:00,2,45
index.html,9,html,efe0b5a9,Calvin Truong,2026-04-02,17:41:35,-07:00,2026-04-02T17:41:35-07:00,0,5
index.html,10,html,efe0b5a9,Calvin Truong,2026-04-02,17:41:35,-07:00,2026-04-02T17:41:35-07:00,0,4
index.html,11,html,f7618a96,Calvin Truong,2026-04-03,01:23:45,-07:00,2026-04-03T01:23:45-07:00,0,0
index.html,12,html,efe0b5a9,Calvin Truong,2026-04-02,17:41:35,-07:00,2026-04-02T17:41:35-07:00,2,20
index.html,13,html,efe0b5a9,Calvin Truong,2026-04-02,17:41:35,-07:00,2026-04-02T17:41:35-07:00,2,128
index.html,14,html,7e6eeff9,Calvin Truong,2026-04-03,01:40:44,-07:00,2026-04-03T01:40:44-07:00,2,66
index.html,15,html,70664836,Calvin Truong,2026-04-23,17:26:16,-07:00,2026-04-23T17:26:16-07:00,2,26
index.html,16,html,70664836,Calvin Truong,2026-04-23,17:26:16,-07:00,2026-04-23T17:26:16-07:00,2,44
index.html,17,html,70664836,Calvin Truong,2026-04-23,17:26:16,-07:00,2026-04-23T17:26:16-07:00,2,7
index.html,18,html,70664836,Calvin Truong,2026-04-23,17:26:16,-07:00,2026-04-23T17:26:16-07:00,2,22
index.html,19,html,70664836,Calvin Truong,2026-04-23,17:26:16,-07:00,2026-04-23T17:26:16-07:00,2,28
index.html,20,html,70664836,Calvin Truong,2026-04-23,17:26:16,-07:00,2026-04-23T17:26:16-07:00,0,8
index.html,21,html,efe0b5a9,Calvin Truong,2026-04-02,17:41:35,-07:00,2026-04-02T17:41:35-07:00,0,5
index.html,22,html,efe0b5a9,Calvin Truong,2026-04-02,17:41:35,-07:00,2026-04-02T17:41:35-07:00,0,5
global.js,1,js,825ef939,Calvin Truong,2026-04-15,21:21:04,-07:00,2026-04-15T21:21:04-07:00,0,26
global.js,2,js,825ef939,Calvin Truong,2026-04-15,21:21:04,-07:00,2026-04-15T21:21:04-07:00,0,0
global.js,3,js,825ef939,Calvin Truong,2026-04-15,21:21:04,-07:00,2026-04-15T21:21:04-07:00,0,48
global.js,4,js,825ef939,Calvin Truong,2026-04-15,21:21:04,-07:00,2026-04-15T21:21:04-07:00,1,52
global.js,5,js,825ef939,Calvin Truong,2026-04-15,21:21:04,-07:00,2026-04-15T21:21:04-07:00,0,0
global.js,6,js,825ef939,Calvin Truong,2026-04-15,21:21:04,-07:00,2026-04-15T21:21:04-07:00,0,0
global.js,7,js,825ef939,Calvin Truong,2026-04-15,21:21:04,-07:00,2026-04-15T21:21:04-07:00,0,11
global.js,8,js,74edc7c9,Calvin Truong,2026-04-15,22:02:13,-07:00,2026-04-15T22:02:13-07:00,1,35
global.js,9,js,74edc7c9,Calvin Truong,2026-04-15,22:02:13,-07:00,2026-04-15T22:02:13-07:00,1,48
global.js,10,js,74edc7c9,Calvin Truong,2026-04-15,22:02:13,-07:00,2026-04-15T22:02:13-07:00,1,46
global.js,11,js,d2457f29,Calvin Truong,2026-04-15,21:57:49,-07:00,2026-04-15T21:57:49-07:00,1,34
global.js,12,js,00000000,Not Committed Yet,2026-05-08,17:21:25,-07:00,2026-05-08T17:21:25-07:00,1,40
global.js,13,js,825ef939,Calvin Truong,2026-04-15,21:21:04,-07:00,2026-04-15T21:21:04-07:00,1,57
global.js,14,js,825ef939,Calvin Truong,2026-04-15,21:21:04,-07:00,2026-04-15T21:21:04-07:00,0,0
global.js,15,js,825ef939,Calvin Truong,2026-04-15,21:21:04,-07:00,2026-04-15T21:21:04-07:00,0,0
global.js,16,js,825ef939,Calvin Truong,2026-04-15,21:21:04,-07:00,2026-04-15T21:21:04-07:00,0,38
global.js,17,js,825ef939,Calvin Truong,2026-04-15,21:21:04,-07:00,2026-04-15T21:21:04-07:00,0,25
global.js,18,js,825ef939,Calvin Truong,2026-04-15,21:21:04,-07:00,2026-04-15T21:21:04-07:00,0,0
global.js,19,js,825ef939,Calvin Truong,2026-04-15,21:21:04,-07:00,2026-04-15T21:21:04-07:00,0,88
global.js,20,js,825ef939,Calvin Truong,2026-04-15,21:21:04,-07:00,2026-04-15T21:21:04-07:00,1,3
global.js,21,js,288cd4b9,Calvin Truong,2026-04-15,21:53:46,-07:00,2026-04-15T21:53:46-07:00,1,43
global.js,22,js,825ef939,Calvin Truong,2026-04-15,21:21:04,-07:00,2026-04-15T21:21:04-07:00,0,0
global.js,23,js,825ef939,Calvin Truong,2026-04-15,21:21:04,-07:00,2026-04-15T21:21:04-07:00,0,20
global.js,24,js,825ef939,Calvin Truong,2026-04-15,21:21:04,-07:00,2026-04-15T21:21:04-07:00,1,14
global.js,25,js,825ef939,Calvin Truong,2026-04-15,21:21:04,-07:00,2026-04-15T21:21:04-07:00,1,18
global.js,26,js,825ef939,Calvin Truong,2026-04-15,21:21:04,-07:00,2026-04-15T21:21:04-07:00,0,0
global.js,27,js,825ef939,Calvin Truong,2026-04-15,21:21:04,-07:00,2026-04-15T21:21:04-07:00,1,52
global.js,28,js,825ef939,Calvin Truong,2026-04-15,21:21:04,-07:00,2026-04-15T21:21:04-07:00,0,0
global.js,29,js,825ef939,Calvin Truong,2026-04-15,21:21:04,-07:00,2026-04-15T21:21:04-07:00,0,0
global.js,30,js,825ef939,Calvin Truong,2026-04-15,21:21:04,-07:00,2026-04-15T21:21:04-07:00,1,34
global.js,31,js,825ef939,Calvin Truong,2026-04-15,21:21:04,-07:00,2026-04-15T21:21:04-07:00,1,11
global.js,32,js,825ef939,Calvin Truong,2026-04-15,21:21:04,-07:00,2026-04-15T21:21:04-07:00,1,20
global.js,33,js,825ef939,Calvin Truong,2026-04-15,21:21:04,-07:00,2026-04-15T21:21:04-07:00,0,0
global.js,34,js,825ef939,Calvin Truong,2026-04-15,21:21:04,-07:00,2026-04-15T21:21:04-07:00,1,65
global.js,35,js,825ef939,Calvin Truong,2026-04-15,21:21:04,-07:00,2026-04-15T21:21:04-07:00,2,25
global.js,36,js,825ef939,Calvin Truong,2026-04-15,21:21:04,-07:00,2026-04-15T21:21:04-07:00,1,0
global.js,37,js,825ef939,Calvin Truong,2026-04-15,21:21:04,-07:00,2026-04-15T21:21:04-07:00,0,0
global.js,38,js,825ef939,Calvin Truong,2026-04-15,21:21:04,-07:00,2026-04-15T21:21:04-07:00,0,0
global.js,39,js,825ef939,Calvin Truong,2026-04-15,21:21:04,-07:00,2026-04-15T21:21:04-07:00,1,29
global.js,40,js,825ef939,Calvin Truong,2026-04-15,21:21:04,-07:00,2026-04-15T21:21:04-07:00,2,18
global.js,41,js,825ef939,Calvin Truong,2026-04-15,21:21:04,-07:00,2026-04-15T21:21:04-07:00,1,0
global.js,42,js,825ef939,Calvin Truong,2026-04-15,21:21:04,-07:00,2026-04-15T21:21:04-07:00,0,0
global.js,43,js,825ef939,Calvin Truong,2026-04-15,21:21:04,-07:00,2026-04-15T21:21:04-07:00,1,12
global.js,44,js,825ef939,Calvin Truong,2026-04-15,21:21:04,-07:00,2026-04-15T21:21:04-07:00,0,0
global.js,45,js,825ef939,Calvin Truong,2026-04-15,21:21:04,-07:00,2026-04-15T21:21:04-07:00,0,0
global.js,46,js,825ef939,Calvin Truong,2026-04-15,21:21:04,-07:00,2026-04-15T21:21:04-07:00,0,0
global.js,47,js,825ef939,Calvin Truong,2026-04-15,21:21:04,-07:00,2026-04-15T21:21:04-07:00,0,31
global.js,48,js,825ef939,Calvin Truong,2026-04-15,21:21:04,-07:00,2026-04-15T21:21:04-07:00,1,11
global.js,49,js,825ef939,Calvin Truong,2026-04-15,21:21:04,-07:00,2026-04-15T21:21:04-07:00,1,0
global.js,50,js,825ef939,Calvin Truong,2026-04-15,21:21:04,-07:00,2026-04-15T21:21:04-07:00,0,26
global.js,51,js,825ef939,Calvin Truong,2026-04-15,21:21:04,-07:00,2026-04-15T21:21:04-07:00,0,4
global.js,52,js,825ef939,Calvin Truong,2026-04-15,21:21:04,-07:00,2026-04-15T21:21:04-07:00,0,26
global.js,53,js,825ef939,Calvin Truong,2026-04-15,21:21:04,-07:00,2026-04-15T21:21:04-07:00,0,43
global.js,54,js,825ef939,Calvin Truong,2026-04-15,21:21:04,-07:00,2026-04-15T21:21:04-07:00,0,34
global.js,55,js,825ef939,Calvin Truong,2026-04-15,21:21:04,-07:00,2026-04-15T21:21:04-07:00,0,32
global.js,56,js,825ef939,Calvin Truong,2026-04-15,21:21:04,-07:00,2026-04-15T21:21:04-07:00,0,7
global.js,57,js,825ef939,Calvin Truong,2026-04-15,21:21:04,-07:00,2026-04-15T21:21:04-07:00,0,7
global.js,58,js,825ef939,Calvin Truong,2026-04-15,21:21:04,-07:00,2026-04-15T21:21:04-07:00,0,0
global.js,59,js,825ef939,Calvin Truong,2026-04-15,21:21:04,-07:00,2026-04-15T21:21:04-07:00,0,0
global.js,60,js,825ef939,Calvin Truong,2026-04-15,21:21:04,-07:00,2026-04-15T21:21:04-07:00,0,55
global.js,61,js,825ef939,Calvin Truong,2026-04-15,21:21:04,-07:00,2026-04-15T21:21:04-07:00,0,0
global.js,62,js,825ef939,Calvin Truong,2026-04-15,21:21:04,-07:00,2026-04-15T21:21:04-07:00,0,0
global.js,63,js,825ef939,Calvin Truong,2026-04-15,21:21:04,-07:00,2026-04-15T21:21:04-07:00,0,36
global.js,64,js,825ef939,Calvin Truong,2026-04-15,21:21:04,-07:00,2026-04-15T21:21:04-07:00,1,70
global.js,65,js,825ef939,Calvin Truong,2026-04-15,21:21:04,-07:00,2026-04-15T21:21:04-07:00,1,25
global.js,66,js,825ef939,Calvin Truong,2026-04-15,21:21:04,-07:00,2026-04-15T21:21:04-07:00,0,0
global.js,67,js,825ef939,Calvin Truong,2026-04-15,21:21:04,-07:00,2026-04-15T21:21:04-07:00,0,0
global.js,68,js,825ef939,Calvin Truong,2026-04-15,21:21:04,-07:00,2026-04-15T21:21:04-07:00,0,0
global.js,69,js,825ef939,Calvin Truong,2026-04-15,21:21:04,-07:00,2026-04-15T21:21:04-07:00,0,49
global.js,70,js,825ef939,Calvin Truong,2026-04-15,21:21:04,-07:00,2026-04-15T21:21:04-07:00,1,33
global.js,71,js,825ef939,Calvin Truong,2026-04-15,21:21:04,-07:00,2026-04-15T21:21:04-07:00,1,44
global.js,72,js,825ef939,Calvin Truong,2026-04-15,21:21:04,-07:00,2026-04-15T21:21:04-07:00,0,1
global.js,73,js,825ef939,Calvin Truong,2026-04-15,21:21:04,-07:00,2026-04-15T21:21:04-07:00,0,0
global.js,74,js,825ef939,Calvin Truong,2026-04-15,21:21:04,-07:00,2026-04-15T21:21:04-07:00,0,0
global.js,75,js,825ef939,Calvin Truong,2026-04-15,21:21:04,-07:00,2026-04-15T21:21:04-07:00,0,29
global.js,76,js,825ef939,Calvin Truong,2026-04-15,21:21:04,-07:00,2026-04-15T21:21:04-07:00,1,39
global.js,77,js,70664836,Calvin Truong,2026-04-23,17:26:16,-07:00,2026-04-23T17:26:16-07:00,0,0
global.js,78,js,70664836,Calvin Truong,2026-04-23,17:26:16,-07:00,2026-04-23T17:26:16-07:00,0,0
global.js,79,js,70664836,Calvin Truong,2026-04-23,17:26:16,-07:00,2026-04-23T17:26:16-07:00,0,36
global.js,80,js,70664836,Calvin Truong,2026-04-23,17:26:16,-07:00,2026-04-23T17:26:16-07:00,2,3
global.js,81,js,70664836,Calvin Truong,2026-04-23,17:26:16,-07:00,2026-04-23T17:26:16-07:00,4,32
global.js,82,js,70664836,Calvin Truong,2026-04-23,17:26:16,-07:00,2026-04-23T17:26:16-07:00,0,0
global.js,83,js,70664836,Calvin Truong,2026-04-23,17:26:16,-07:00,2026-04-23T17:26:16-07:00,4,17
global.js,84,js,70664836,Calvin Truong,2026-04-23,17:26:16,-07:00,2026-04-23T17:26:16-07:00,6,66
global.js,85,js,70664836,Calvin Truong,2026-04-23,17:26:16,-07:00,2026-04-23T17:26:16-07:00,4,0
global.js,86,js,70664836,Calvin Truong,2026-04-23,17:26:16,-07:00,2026-04-23T17:26:16-07:00,0,0
global.js,87,js,70664836,Calvin Truong,2026-04-23,17:26:16,-07:00,2026-04-23T17:26:16-07:00,4,33
global.js,88,js,70664836,Calvin Truong,2026-04-23,17:26:16,-07:00,2026-04-23T17:26:16-07:00,4,10
global.js,89,js,70664836,Calvin Truong,2026-04-23,17:26:16,-07:00,2026-04-23T17:26:16-07:00,2,15
global.js,90,js,70664836,Calvin Truong,2026-04-23,17:26:16,-07:00,2026-04-23T17:26:16-07:00,4,59
global.js,91,js,70664836,Calvin Truong,2026-04-23,17:26:16,-07:00,2026-04-23T17:26:16-07:00,2,0
global.js,92,js,70664836,Calvin Truong,2026-04-23,17:26:16,-07:00,2026-04-23T17:26:16-07:00,0,0
global.js,93,js,70664836,Calvin Truong,2026-04-23,17:26:16,-07:00,2026-04-23T17:26:16-07:00,0,0
global.js,94,js,70664836,Calvin Truong,2026-04-23,17:26:16,-07:00,2026-04-23T17:26:16-07:00,0,79
global.js,95,js,f957224c,Calvin Truong,2026-04-29,13:25:33,-07:00,2026-04-29T13:25:33-07:00,2,26
global.js,96,js,70664836,Calvin Truong,2026-04-23,17:26:16,-07:00,2026-04-23T17:26:16-07:00,2,30
global.js,97,js,70664836,Calvin Truong,2026-04-23,17:26:16,-07:00,2026-04-23T17:26:16-07:00,0,0
global.js,98,js,70664836,Calvin Truong,2026-04-23,17:26:16,-07:00,2026-04-23T17:26:16-07:00,2,29
global.js,99,js,70664836,Calvin Truong,2026-04-23,17:26:16,-07:00,2026-04-23T17:26:16-07:00,4,48
global.js,100,js,70664836,Calvin Truong,2026-04-23,17:26:16,-07:00,2026-04-23T17:26:16-07:00,0,0
global.js,101,js,f957224c,Calvin Truong,2026-04-29,13:25:33,-07:00,2026-04-29T13:25:33-07:00,4,69
global.js,102,js,f957224c,Calvin Truong,2026-04-29,13:25:33,-07:00,2026-04-29T13:25:33-07:00,4,58
global.js,103,js,70664836,Calvin Truong,2026-04-23,17:26:16,-07:00,2026-04-23T17:26:16-07:00,4,19
global.js,104,js,70664836,Calvin Truong,2026-04-23,17:26:16,-07:00,2026-04-23T17:26:16-07:00,6,49
global.js,105,js,70664836,Calvin Truong,2026-04-23,17:26:16,-07:00,2026-04-23T17:26:16-07:00,6,49
global.js,106,js,f957224c,Calvin Truong,2026-04-29,13:25:33,-07:00,2026-04-29T13:25:33-07:00,6,27
global.js,107,js,f957224c,Calvin Truong,2026-04-29,13:25:33,-07:00,2026-04-29T13:25:33-07:00,8,27
global.js,108,js,f957224c,Calvin Truong,2026-04-29,13:25:33,-07:00,2026-04-29T13:25:33-07:00,8,93
global.js,109,js,f957224c,Calvin Truong,2026-04-29,13:25:33,-07:00,2026-04-29T13:25:33-07:00,10,16
global.js,110,js,f957224c,Calvin Truong,2026-04-29,13:25:33,-07:00,2026-04-29T13:25:33-07:00,8,2
global.js,111,js,f957224c,Calvin Truong,2026-04-29,13:25:33,-07:00,2026-04-29T13:25:33-07:00,6,4
global.js,112,js,70664836,Calvin Truong,2026-04-23,17:26:16,-07:00,2026-04-23T17:26:16-07:00,4,0
global.js,113,js,70664836,Calvin Truong,2026-04-23,17:26:16,-07:00,2026-04-23T17:26:16-07:00,0,0
global.js,114,js,70664836,Calvin Truong,2026-04-23,17:26:16,-07:00,2026-04-23T17:26:16-07:00,4,36
global.js,115,js,70664836,Calvin Truong,2026-04-23,17:26:16,-07:00,2026-04-23T17:26:16-07:00,2,0
global.js,116,js,70664836,Calvin Truong,2026-04-23,17:26:16,-07:00,2026-04-23T17:26:16-07:00,0,0
global.js,117,js,f957224c,Calvin Truong,2026-04-29,13:25:33,-07:00,2026-04-29T13:25:33-07:00,0,0
resume\index.html,1,html,f7618a96,Calvin Truong,2026-04-03,01:23:45,-07:00,2026-04-03T01:23:45-07:00,0,13
resume\index.html,2,html,f7618a96,Calvin Truong,2026-04-03,01:23:45,-07:00,2026-04-03T01:23:45-07:00,0,14
resume\index.html,3,html,f7618a96,Calvin Truong,2026-04-03,01:23:45,-07:00,2026-04-03T01:23:45-07:00,0,4
resume\index.html,4,html,f7618a96,Calvin Truong,2026-04-03,01:23:45,-07:00,2026-04-03T01:23:45-07:00,2,20
resume\index.html,5,html,f7618a96,Calvin Truong,2026-04-03,01:23:45,-07:00,2026-04-03T01:23:45-07:00,2,68
resume\index.html,6,html,f7618a96,Calvin Truong,2026-04-03,01:23:45,-07:00,2026-04-03T01:23:45-07:00,2,35
resume\index.html,7,html,f7618a96,Calvin Truong,2026-04-03,01:23:45,-07:00,2026-04-03T01:23:45-07:00,2,41
resume\index.html,8,html,825ef939,Calvin Truong,2026-04-15,21:21:04,-07:00,2026-04-15T21:21:04-07:00,2,48
resume\index.html,9,html,f7618a96,Calvin Truong,2026-04-03,01:23:45,-07:00,2026-04-03T01:23:45-07:00,0,5
resume\index.html,10,html,f7618a96,Calvin Truong,2026-04-03,01:23:45,-07:00,2026-04-03T01:23:45-07:00,0,4
resume\index.html,11,html,f7618a96,Calvin Truong,2026-04-03,01:23:45,-07:00,2026-04-03T01:23:45-07:00,0,0
resume\index.html,12,html,f7618a96,Calvin Truong,2026-04-03,01:23:45,-07:00,2026-04-03T01:23:45-07:00,2,6
resume\index.html,13,html,f7618a96,Calvin Truong,2026-04-03,01:23:45,-07:00,2026-04-03T01:23:45-07:00,4,20
resume\index.html,14,html,f7618a96,Calvin Truong,2026-04-03,01:23:45,-07:00,2026-04-03T01:23:45-07:00,4,41
resume\index.html,15,html,f7618a96,Calvin Truong,2026-04-03,01:23:45,-07:00,2026-04-03T01:23:45-07:00,2,7
resume\index.html,16,html,f7618a96,Calvin Truong,2026-04-03,01:23:45,-07:00,2026-04-03T01:23:45-07:00,0,0
resume\index.html,17,html,f7618a96,Calvin Truong,2026-04-03,01:23:45,-07:00,2026-04-03T01:23:45-07:00,2,7
resume\index.html,18,html,f7618a96,Calvin Truong,2026-04-03,01:23:45,-07:00,2026-04-03T01:23:45-07:00,4,16
resume\index.html,19,html,f7618a96,Calvin Truong,2026-04-03,01:23:45,-07:00,2026-04-03T01:23:45-07:00,4,7
resume\index.html,20,html,f7618a96,Calvin Truong,2026-04-03,01:23:45,-07:00,2026-04-03T01:23:45-07:00,6,42
resume\index.html,21,html,f7618a96,Calvin Truong,2026-04-03,01:23:45,-07:00,2026-04-03T01:23:45-07:00,6,17
resume\index.html,22,html,f7618a96,Calvin Truong,2026-04-03,01:23:45,-07:00,2026-04-03T01:23:45-07:00,6,41
resume\index.html,23,html,f7618a96,Calvin Truong,2026-04-03,01:23:45,-07:00,2026-04-03T01:23:45-07:00,4,8
resume\index.html,24,html,f7618a96,Calvin Truong,2026-04-03,01:23:45,-07:00,2026-04-03T01:23:45-07:00,2,8
resume\index.html,25,html,f7618a96,Calvin Truong,2026-04-03,01:23:45,-07:00,2026-04-03T01:23:45-07:00,0,0
resume\index.html,26,html,f7618a96,Calvin Truong,2026-04-03,01:23:45,-07:00,2026-04-03T01:23:45-07:00,2,7
resume\index.html,27,html,f7618a96,Calvin Truong,2026-04-03,01:23:45,-07:00,2026-04-03T01:23:45-07:00,4,23
resume\index.html,28,html,f7618a96,Calvin Truong,2026-04-03,01:23:45,-07:00,2026-04-03T01:23:45-07:00,4,2
resume\index.html,29,html,f7618a96,Calvin Truong,2026-04-03,01:23:45,-07:00,2026-04-03T01:23:45-07:00,6,39
resume\index.html,30,html,f7618a96,Calvin Truong,2026-04-03,01:23:45,-07:00,2026-04-03T01:23:45-07:00,6,74
resume\index.html,31,html,f7618a96,Calvin Truong,2026-04-03,01:23:45,-07:00,2026-04-03T01:23:45-07:00,6,56
resume\index.html,32,html,f7618a96,Calvin Truong,2026-04-03,01:23:45,-07:00,2026-04-03T01:23:45-07:00,4,3
resume\index.html,33,html,f7618a96,Calvin Truong,2026-04-03,01:23:45,-07:00,2026-04-03T01:23:45-07:00,2,8
resume\index.html,34,html,f7618a96,Calvin Truong,2026-04-03,01:23:45,-07:00,2026-04-03T01:23:45-07:00,0,0
resume\index.html,35,html,f7618a96,Calvin Truong,2026-04-03,01:23:45,-07:00,2026-04-03T01:23:45-07:00,2,7
resume\index.html,36,html,f7618a96,Calvin Truong,2026-04-03,01:23:45,-07:00,2026-04-03T01:23:45-07:00,4,15
resume\index.html,37,html,f7618a96,Calvin Truong,2026-04-03,01:23:45,-07:00,2026-04-03T01:23:45-07:00,4,7
resume\index.html,38,html,f7618a96,Calvin Truong,2026-04-03,01:23:45,-07:00,2026-04-03T01:23:45-07:00,6,6
resume\index.html,39,html,f7618a96,Calvin Truong,2026-04-03,01:23:45,-07:00,2026-04-03T01:23:45-07:00,8,42
resume\index.html,40,html,f7618a96,Calvin Truong,2026-04-03,01:23:45,-07:00,2026-04-03T01:23:45-07:00,6,7
resume\index.html,41,html,f7618a96,Calvin Truong,2026-04-03,01:23:45,-07:00,2026-04-03T01:23:45-07:00,6,141
resume\index.html,42,html,f7618a96,Calvin Truong,2026-04-03,01:23:45,-07:00,2026-04-03T01:23:45-07:00,4,8
resume\index.html,43,html,f7618a96,Calvin Truong,2026-04-03,01:23:45,-07:00,2026-04-03T01:23:45-07:00,0,0
resume\index.html,44,html,f7618a96,Calvin Truong,2026-04-03,01:23:45,-07:00,2026-04-03T01:23:45-07:00,4,7
resume\index.html,45,html,f7618a96,Calvin Truong,2026-04-03,01:23:45,-07:00,2026-04-03T01:23:45-07:00,6,6
resume\index.html,46,html,f7618a96,Calvin Truong,2026-04-03,01:23:45,-07:00,2026-04-03T01:23:45-07:00,8,51
resume\index.html,47,html,f7618a96,Calvin Truong,2026-04-03,01:23:45,-07:00,2026-04-03T01:23:45-07:00,6,7
resume\index.html,48,html,f7618a96,Calvin Truong,2026-04-03,01:23:45,-07:00,2026-04-03T01:23:45-07:00,6,89
resume\index.html,49,html,f7618a96,Calvin Truong,2026-04-03,01:23:45,-07:00,2026-04-03T01:23:45-07:00,4,8
resume\index.html,50,html,f7618a96,Calvin Truong,2026-04-03,01:23:45,-07:00,2026-04-03T01:23:45-07:00,2,8
resume\index.html,51,html,f7618a96,Calvin Truong,2026-04-03,01:23:45,-07:00,2026-04-03T01:23:45-07:00,0,0
resume\index.html,52,html,f7618a96,Calvin Truong,2026-04-03,01:23:45,-07:00,2026-04-03T01:23:45-07:00,2,7
resume\index.html,53,html,f7618a96,Calvin Truong,2026-04-03,01:23:45,-07:00,2026-04-03T01:23:45-07:00,4,32
resume\index.html,54,html,f7618a96,Calvin Truong,2026-04-03,01:23:45,-07:00,2026-04-03T01:23:45-07:00,4,7
resume\index.html,55,html,f7618a96,Calvin Truong,2026-04-03,01:23:45,-07:00,2026-04-03T01:23:45-07:00,6,32
resume\index.html,56,html,f7618a96,Calvin Truong,2026-04-03,01:23:45,-07:00,2026-04-03T01:23:45-07:00,6,67
resume\index.html,57,html,f7618a96,Calvin Truong,2026-04-03,01:23:45,-07:00,2026-04-03T01:23:45-07:00,6,77
resume\index.html,58,html,f7618a96,Calvin Truong,2026-04-03,01:23:45,-07:00,2026-04-03T01:23:45-07:00,4,8
resume\index.html,59,html,f7618a96,Calvin Truong,2026-04-03,01:23:45,-07:00,2026-04-03T01:23:45-07:00,2,8
resume\index.html,60,html,f7618a96,Calvin Truong,2026-04-03,01:23:45,-07:00,2026-04-03T01:23:45-07:00,0,5
resume\index.html,61,html,f7618a96,Calvin Truong,2026-04-03,01:23:45,-07:00,2026-04-03T01:23:45-07:00,0,5
projects\projects.js,1,js,f957224c,Calvin Truong,2026-04-29,13:25:33,-07:00,2026-04-29T13:25:33-07:00,0,63
projects\projects.js,2,js,70664836,Calvin Truong,2026-04-23,17:26:16,-07:00,2026-04-23T17:26:16-07:00,0,55
projects\projects.js,3,js,70664836,Calvin Truong,2026-04-23,17:26:16,-07:00,2026-04-23T17:26:16-07:00,0,0
projects\projects.js,4,js,70664836,Calvin Truong,2026-04-23,17:26:16,-07:00,2026-04-23T17:26:16-07:00,0,55
projects\projects.js,5,js,70664836,Calvin Truong,2026-04-23,17:26:16,-07:00,2026-04-23T17:26:16-07:00,0,60
projects\projects.js,6,js,70664836,Calvin Truong,2026-04-23,17:26:16,-07:00,2026-04-23T17:26:16-07:00,0,0
projects\projects.js,7,js,70664836,Calvin Truong,2026-04-23,17:26:16,-07:00,2026-04-23T17:26:16-07:00,0,62
projects\projects.js,8,js,70664836,Calvin Truong,2026-04-23,17:26:16,-07:00,2026-04-23T17:26:16-07:00,0,18
projects\projects.js,9,js,70664836,Calvin Truong,2026-04-23,17:26:16,-07:00,2026-04-23T17:26:16-07:00,2,56
projects\projects.js,10,js,70664836,Calvin Truong,2026-04-23,17:26:16,-07:00,2026-04-23T17:26:16-07:00,0,0
projects\projects.js,11,js,70664836,Calvin Truong,2026-04-23,17:26:16,-07:00,2026-04-23T17:26:16-07:00,0,0
projects\projects.js,12,js,f957224c,Calvin Truong,2026-04-29,13:25:33,-07:00,2026-04-29T13:25:33-07:00,0,48
projects\projects.js,13,js,f957224c,Calvin Truong,2026-04-29,13:25:33,-07:00,2026-04-29T13:25:33-07:00,0,0
projects\projects.js,14,js,f957224c,Calvin Truong,2026-04-29,13:25:33,-07:00,2026-04-29T13:25:33-07:00,0,21
projects\projects.js,15,js,f957224c,Calvin Truong,2026-04-29,13:25:33,-07:00,2026-04-29T13:25:33-07:00,0,13
projects\projects.js,16,js,f957224c,Calvin Truong,2026-04-29,13:25:33,-07:00,2026-04-29T13:25:33-07:00,0,0
projects\projects.js,17,js,f957224c,Calvin Truong,2026-04-29,13:25:33,-07:00,2026-04-29T13:25:33-07:00,0,0
projects\projects.js,18,js,f957224c,Calvin Truong,2026-04-29,13:25:33,-07:00,2026-04-29T13:25:33-07:00,0,37
projects\projects.js,19,js,f957224c,Calvin Truong,2026-04-29,13:25:33,-07:00,2026-04-29T13:25:33-07:00,0,0
projects\projects.js,20,js,f957224c,Calvin Truong,2026-04-29,13:25:33,-07:00,2026-04-29T13:25:33-07:00,0,0
projects\projects.js,21,js,f957224c,Calvin Truong,2026-04-29,13:25:33,-07:00,2026-04-29T13:25:33-07:00,0,33
projects\projects.js,22,js,f957224c,Calvin Truong,2026-04-29,13:25:33,-07:00,2026-04-29T13:25:33-07:00,2,51
projects\projects.js,23,js,f957224c,Calvin Truong,2026-04-29,13:25:33,-07:00,2026-04-29T13:25:33-07:00,4,59
projects\projects.js,24,js,f957224c,Calvin Truong,2026-04-29,13:25:33,-07:00,2026-04-29T13:25:33-07:00,4,41
projects\projects.js,25,js,f957224c,Calvin Truong,2026-04-29,13:25:33,-07:00,2026-04-29T13:25:33-07:00,0,0
projects\projects.js,26,js,f957224c,Calvin Truong,2026-04-29,13:25:33,-07:00,2026-04-29T13:25:33-07:00,0,0
projects\projects.js,27,js,f957224c,Calvin Truong,2026-04-29,13:25:33,-07:00,2026-04-29T13:25:33-07:00,4,33
projects\projects.js,28,js,f957224c,Calvin Truong,2026-04-29,13:25:33,-07:00,2026-04-29T13:25:33-07:00,4,17
projects\projects.js,29,js,f957224c,Calvin Truong,2026-04-29,13:25:33,-07:00,2026-04-29T13:25:33-07:00,6,52
projects\projects.js,30,js,f957224c,Calvin Truong,2026-04-29,13:25:33,-07:00,2026-04-29T13:25:33-07:00,4,0
projects\projects.js,31,js,f957224c,Calvin Truong,2026-04-29,13:25:33,-07:00,2026-04-29T13:25:33-07:00,4,19
projects\projects.js,32,js,f957224c,Calvin Truong,2026-04-29,13:25:33,-07:00,2026-04-29T13:25:33-07:00,2,1
projects\projects.js,33,js,f957224c,Calvin Truong,2026-04-29,13:25:33,-07:00,2026-04-29T13:25:33-07:00,0,0
projects\projects.js,34,js,f957224c,Calvin Truong,2026-04-29,13:25:33,-07:00,2026-04-29T13:25:33-07:00,0,0
projects\projects.js,35,js,f957224c,Calvin Truong,2026-04-29,13:25:33,-07:00,2026-04-29T13:25:33-07:00,2,56
projects\projects.js,36,js,f957224c,Calvin Truong,2026-04-29,13:25:33,-07:00,2026-04-29T13:25:33-07:00,1,0
projects\projects.js,37,js,f957224c,Calvin Truong,2026-04-29,13:25:33,-07:00,2026-04-29T13:25:33-07:00,2,18
projects\projects.js,38,js,f957224c,Calvin Truong,2026-04-29,13:25:33,-07:00,2026-04-29T13:25:33-07:00,4,106
projects\projects.js,39,js,f957224c,Calvin Truong,2026-04-29,13:25:33,-07:00,2026-04-29T13:25:33-07:00,2,0
projects\projects.js,40,js,f957224c,Calvin Truong,2026-04-29,13:25:33,-07:00,2026-04-29T13:25:33-07:00,0,0
projects\projects.js,41,js,f957224c,Calvin Truong,2026-04-29,13:25:33,-07:00,2026-04-29T13:25:33-07:00,0,0
projects\projects.js,42,js,f957224c,Calvin Truong,2026-04-29,13:25:33,-07:00,2026-04-29T13:25:33-07:00,0,0
projects\projects.js,43,js,f957224c,Calvin Truong,2026-04-29,13:25:33,-07:00,2026-04-29T13:25:33-07:00,0,0
projects\projects.js,44,js,f957224c,Calvin Truong,2026-04-29,13:25:33,-07:00,2026-04-29T13:25:33-07:00,0,0
projects\projects.js,45,js,f957224c,Calvin Truong,2026-04-29,13:25:33,-07:00,2026-04-29T13:25:33-07:00,0,39
projects\projects.js,46,js,f957224c,Calvin Truong,2026-04-29,13:25:33,-07:00,2026-04-29T13:25:33-07:00,2,70
projects\projects.js,47,js,f957224c,Calvin Truong,2026-04-29,13:25:33,-07:00,2026-04-29T13:25:33-07:00,2,76
projects\projects.js,48,js,f957224c,Calvin Truong,2026-04-29,13:25:33,-07:00,2026-04-29T13:25:33-07:00,0,0
projects\projects.js,49,js,f957224c,Calvin Truong,2026-04-29,13:25:33,-07:00,2026-04-29T13:25:33-07:00,0,0
projects\projects.js,50,js,f957224c,Calvin Truong,2026-04-29,13:25:33,-07:00,2026-04-29T13:25:33-07:00,2,57
projects\projects.js,51,js,f957224c,Calvin Truong,2026-04-29,13:25:33,-07:00,2026-04-29T13:25:33-07:00,2,48
projects\projects.js,52,js,f957224c,Calvin Truong,2026-04-29,13:25:33,-07:00,2026-04-29T13:25:33-07:00,2,33
projects\projects.js,53,js,f957224c,Calvin Truong,2026-04-29,13:25:33,-07:00,2026-04-29T13:25:33-07:00,2,47
projects\projects.js,54,js,f957224c,Calvin Truong,2026-04-29,13:25:33,-07:00,2026-04-29T13:25:33-07:00,0,0
projects\projects.js,55,js,f957224c,Calvin Truong,2026-04-29,13:25:33,-07:00,2026-04-29T13:25:33-07:00,0,0
projects\projects.js,56,js,f957224c,Calvin Truong,2026-04-29,13:25:33,-07:00,2026-04-29T13:25:33-07:00,2,36
projects\projects.js,57,js,f957224c,Calvin Truong,2026-04-29,13:25:33,-07:00,2026-04-29T13:25:33-07:00,2,29
projects\projects.js,58,js,f957224c,Calvin Truong,2026-04-29,13:25:33,-07:00,2026-04-29T13:25:33-07:00,2,41
projects\projects.js,59,js,f957224c,Calvin Truong,2026-04-29,13:25:33,-07:00,2026-04-29T13:25:33-07:00,2,29
projects\projects.js,60,js,f957224c,Calvin Truong,2026-04-29,13:25:33,-07:00,2026-04-29T13:25:33-07:00,0,0
projects\projects.js,61,js,f957224c,Calvin Truong,2026-04-29,13:25:33,-07:00,2026-04-29T13:25:33-07:00,0,0
projects\projects.js,62,js,f957224c,Calvin Truong,2026-04-29,13:25:33,-07:00,2026-04-29T13:25:33-07:00,2,27
projects\projects.js,63,js,f957224c,Calvin Truong,2026-04-29,13:25:33,-07:00,2026-04-29T13:25:33-07:00,2,16
projects\projects.js,64,js,f957224c,Calvin Truong,2026-04-29,13:25:33,-07:00,2026-04-29T13:25:33-07:00,3,25
projects\projects.js,65,js,f957224c,Calvin Truong,2026-04-29,13:25:33,-07:00,2026-04-29T13:25:33-07:00,3,22
projects\projects.js,66,js,f957224c,Calvin Truong,2026-04-29,13:25:33,-07:00,2026-04-29T13:25:33-07:00,3,56
projects\projects.js,67,js,f957224c,Calvin Truong,2026-04-29,13:25:33,-07:00,2026-04-29T13:25:33-07:00,3,61
projects\projects.js,68,js,f957224c,Calvin Truong,2026-04-29,13:25:33,-07:00,2026-04-29T13:25:33-07:00,3,18
projects\projects.js,69,js,f957224c,Calvin Truong,2026-04-29,13:25:33,-07:00,2026-04-29T13:25:33-07:00,5,30
projects\projects.js,70,js,f957224c,Calvin Truong,2026-04-29,13:25:33,-07:00,2026-04-29T13:25:33-07:00,5,63
projects\projects.js,71,js,f957224c,Calvin Truong,2026-04-29,13:25:33,-07:00,2026-04-29T13:25:33-07:00,0,0
projects\projects.js,72,js,f957224c,Calvin Truong,2026-04-29,13:25:33,-07:00,2026-04-29T13:25:33-07:00,0,0
projects\projects.js,73,js,f957224c,Calvin Truong,2026-04-29,13:25:33,-07:00,2026-04-29T13:25:33-07:00,5,23
projects\projects.js,74,js,f957224c,Calvin Truong,2026-04-29,13:25:33,-07:00,2026-04-29T13:25:33-07:00,5,29
projects\projects.js,75,js,f957224c,Calvin Truong,2026-04-29,13:25:33,-07:00,2026-04-29T13:25:33-07:00,3,1
projects\projects.js,76,js,f957224c,Calvin Truong,2026-04-29,13:25:33,-07:00,2026-04-29T13:25:33-07:00,0,0
projects\projects.js,77,js,f957224c,Calvin Truong,2026-04-29,13:25:33,-07:00,2026-04-29T13:25:33-07:00,0,0
projects\projects.js,78,js,f957224c,Calvin Truong,2026-04-29,13:25:33,-07:00,2026-04-29T13:25:33-07:00,2,17
projects\projects.js,79,js,f957224c,Calvin Truong,2026-04-29,13:25:33,-07:00,2026-04-29T13:25:33-07:00,5,36
projects\projects.js,80,js,f957224c,Calvin Truong,2026-04-29,13:25:33,-07:00,2026-04-29T13:25:33-07:00,5,56
projects\projects.js,81,js,f957224c,Calvin Truong,2026-04-29,13:25:33,-07:00,2026-04-29T13:25:33-07:00,5,78
projects\projects.js,82,js,f957224c,Calvin Truong,2026-04-29,13:25:33,-07:00,2026-04-29T13:25:33-07:00,5,79
projects\projects.js,83,js,f957224c,Calvin Truong,2026-04-29,13:25:33,-07:00,2026-04-29T13:25:33-07:00,2,1
projects\projects.js,84,js,f957224c,Calvin Truong,2026-04-29,13:25:33,-07:00,2026-04-29T13:25:33-07:00,0,0
projects\projects.js,85,js,f957224c,Calvin Truong,2026-04-29,13:25:33,-07:00,2026-04-29T13:25:33-07:00,0,0
projects\projects.js,86,js,f957224c,Calvin Truong,2026-04-29,13:25:33,-07:00,2026-04-29T13:25:33-07:00,0,0
projects\projects.js,87,js,f957224c,Calvin Truong,2026-04-29,13:25:33,-07:00,2026-04-29T13:25:33-07:00,0,15
projects\projects.js,88,js,f957224c,Calvin Truong,2026-04-29,13:25:33,-07:00,2026-04-29T13:25:33-07:00,0,48
projects\projects.js,89,js,f957224c,Calvin Truong,2026-04-29,13:25:33,-07:00,2026-04-29T13:25:33-07:00,0,23
projects\projects.js,90,js,f957224c,Calvin Truong,2026-04-29,13:25:33,-07:00,2026-04-29T13:25:33-07:00,0,18
projects\projects.js,91,js,f957224c,Calvin Truong,2026-04-29,13:25:33,-07:00,2026-04-29T13:25:33-07:00,2,90
projects\projects.js,92,js,f957224c,Calvin Truong,2026-04-29,13:25:33,-07:00,2026-04-29T13:25:33-07:00,0,0
projects\projects.js,93,js,f957224c,Calvin Truong,2026-04-29,13:25:33,-07:00,2026-04-29T13:25:33-07:00,0,0
projects\projects.js,94,js,f957224c,Calvin Truong,2026-04-29,13:25:33,-07:00,2026-04-29T13:25:33-07:00,0,0
projects\projects.js,95,js,f957224c,Calvin Truong,2026-04-29,13:25:33,-07:00,2026-04-29T13:25:33-07:00,0,16
projects\projects.js,96,js,f957224c,Calvin Truong,2026-04-29,13:25:33,-07:00,2026-04-29T13:25:33-07:00,0,59
projects\projects.js,97,js,f957224c,Calvin Truong,2026-04-29,13:25:33,-07:00,2026-04-29T13:25:33-07:00,0,48
projects\projects.js,98,js,f957224c,Calvin Truong,2026-04-29,13:25:33,-07:00,2026-04-29T13:25:33-07:00,2,39
projects\projects.js,99,js,f957224c,Calvin Truong,2026-04-29,13:25:33,-07:00,2026-04-29T13:25:33-07:00,0,0
projects\projects.js,100,js,f957224c,Calvin Truong,2026-04-29,13:25:33,-07:00,2026-04-29T13:25:33-07:00,0,0
projects\projects.js,101,js,f957224c,Calvin Truong,2026-04-29,13:25:33,-07:00,2026-04-29T13:25:33-07:00,2,33
projects\projects.js,102,js,f957224c,Calvin Truong,2026-04-29,13:25:33,-07:00,2026-04-29T13:25:33-07:00,2,23
projects\projects.js,103,js,f957224c,Calvin Truong,2026-04-29,13:25:33,-07:00,2026-04-29T13:25:33-07:00,0,0
projects\projects.js,104,js,f957224c,Calvin Truong,2026-04-29,13:25:33,-07:00,2026-04-29T13:25:33-07:00,0,0
projects\projects.js,105,js,f957224c,Calvin Truong,2026-04-29,13:25:33,-07:00,2026-04-29T13:25:33-07:00,2,56
projects\projects.js,106,js,f957224c,Calvin Truong,2026-04-29,13:25:33,-07:00,2026-04-29T13:25:33-07:00,2,39
projects\projects.js,107,js,f957224c,Calvin Truong,2026-04-29,13:25:33,-07:00,2026-04-29T13:25:33-07:00,4,55
projects\projects.js,108,js,f957224c,Calvin Truong,2026-04-29,13:25:33,-07:00,2026-04-29T13:25:33-07:00,2,0
projects\projects.js,109,js,f957224c,Calvin Truong,2026-04-29,13:25:33,-07:00,2026-04-29T13:25:33-07:00,2,29
projects\projects.js,110,js,f957224c,Calvin Truong,2026-04-29,13:25:33,-07:00,2026-04-29T13:25:33-07:00,0,1
projects\index.html,1,html,f7618a96,Calvin Truong,2026-04-03,01:23:45,-07:00,2026-04-03T01:23:45-07:00,0,13
projects\index.html,2,html,f7618a96,Calvin Truong,2026-04-03,01:23:45,-07:00,2026-04-03T01:23:45-07:00,0,14
projects\index.html,3,html,f7618a96,Calvin Truong,2026-04-03,01:23:45,-07:00,2026-04-03T01:23:45-07:00,0,4
projects\index.html,4,html,f7618a96,Calvin Truong,2026-04-03,01:23:45,-07:00,2026-04-03T01:23:45-07:00,2,20
projects\index.html,5,html,f7618a96,Calvin Truong,2026-04-03,01:23:45,-07:00,2026-04-03T01:23:45-07:00,2,68
projects\index.html,6,html,f7618a96,Calvin Truong,2026-04-03,01:23:45,-07:00,2026-04-03T01:23:45-07:00,2,20
projects\index.html,7,html,f7618a96,Calvin Truong,2026-04-03,01:23:45,-07:00,2026-04-03T01:23:45-07:00,2,41
projects\index.html,8,html,825ef939,Calvin Truong,2026-04-15,21:21:04,-07:00,2026-04-15T21:21:04-07:00,2,48
projects\index.html,9,html,f7618a96,Calvin Truong,2026-04-03,01:23:45,-07:00,2026-04-03T01:23:45-07:00,0,5
projects\index.html,10,html,f7618a96,Calvin Truong,2026-04-03,01:23:45,-07:00,2026-04-03T01:23:45-07:00,0,4
projects\index.html,11,html,f7618a96,Calvin Truong,2026-04-03,01:23:45,-07:00,2026-04-03T01:23:45-07:00,0,0
projects\index.html,12,html,70664836,Calvin Truong,2026-04-23,17:26:16,-07:00,2026-04-23T17:26:16-07:00,2,38
projects\index.html,13,html,f957224c,Calvin Truong,2026-04-29,13:25:33,-07:00,2026-04-29T13:25:33-07:00,2,21
projects\index.html,14,html,f957224c,Calvin Truong,2026-04-29,13:25:33,-07:00,2026-04-29T13:25:33-07:00,2,54
projects\index.html,15,html,f957224c,Calvin Truong,2026-04-29,13:25:33,-07:00,2026-04-29T13:25:33-07:00,2,43
projects\index.html,16,html,f957224c,Calvin Truong,2026-04-29,13:25:33,-07:00,2026-04-29T13:25:33-07:00,2,4
projects\index.html,17,html,f957224c,Calvin Truong,2026-04-29,13:25:33,-07:00,2026-04-29T13:25:33-07:00,2,74
projects\index.html,18,html,f957224c,Calvin Truong,2026-04-29,13:25:33,-07:00,2026-04-29T13:25:33-07:00,0,0
projects\index.html,19,html,f957224c,Calvin Truong,2026-04-29,13:25:33,-07:00,2026-04-29T13:25:33-07:00,0,0
projects\index.html,20,html,f957224c,Calvin Truong,2026-04-29,13:25:33,-07:00,2026-04-29T13:25:33-07:00,0,0
projects\index.html,21,html,bec72457,Calvin Truong,2026-04-09,18:13:57,-07:00,2026-04-09T18:13:57-07:00,2,20
projects\index.html,22,html,bec72457,Calvin Truong,2026-04-09,18:13:57,-07:00,2026-04-09T18:13:57-07:00,4,7
projects\index.html,23,html,bec72457,Calvin Truong,2026-04-09,18:13:57,-07:00,2026-04-09T18:13:57-07:00,6,29
projects\index.html,24,html,bec72457,Calvin Truong,2026-04-09,18:13:57,-07:00,2026-04-09T18:13:57-07:00,6,70
projects\index.html,25,html,bec72457,Calvin Truong,2026-04-09,18:13:57,-07:00,2026-04-09T18:13:57-07:00,6,230
projects\index.html,26,html,bec72457,Calvin Truong,2026-04-09,18:13:57,-07:00,2026-04-09T18:13:57-07:00,4,8
projects\index.html,27,html,bec72457,Calvin Truong,2026-04-09,18:13:57,-07:00,2026-04-09T18:13:57-07:00,4,7
projects\index.html,28,html,bec72457,Calvin Truong,2026-04-09,18:13:57,-07:00,2026-04-09T18:13:57-07:00,6,42
projects\index.html,29,html,bec72457,Calvin Truong,2026-04-09,18:13:57,-07:00,2026-04-09T18:13:57-07:00,6,70
projects\index.html,30,html,bec72457,Calvin Truong,2026-04-09,18:13:57,-07:00,2026-04-09T18:13:57-07:00,6,208
projects\index.html,31,html,bec72457,Calvin Truong,2026-04-09,18:13:57,-07:00,2026-04-09T18:13:57-07:00,4,8
projects\index.html,32,html,bec72457,Calvin Truong,2026-04-09,18:13:57,-07:00,2026-04-09T18:13:57-07:00,4,7
projects\index.html,33,html,bec72457,Calvin Truong,2026-04-09,18:13:57,-07:00,2026-04-09T18:13:57-07:00,6,36
projects\index.html,34,html,bec72457,Calvin Truong,2026-04-09,18:13:57,-07:00,2026-04-09T18:13:57-07:00,6,70
projects\index.html,35,html,bec72457,Calvin Truong,2026-04-09,18:13:57,-07:00,2026-04-09T18:13:57-07:00,6,241
projects\index.html,36,html,bec72457,Calvin Truong,2026-04-09,18:13:57,-07:00,2026-04-09T18:13:57-07:00,4,8
projects\index.html,37,html,bec72457,Calvin Truong,2026-04-09,18:13:57,-07:00,2026-04-09T18:13:57-07:00,4,7
projects\index.html,38,html,bec72457,Calvin Truong,2026-04-09,18:13:57,-07:00,2026-04-09T18:13:57-07:00,6,33
projects\index.html,39,html,bec72457,Calvin Truong,2026-04-09,18:13:57,-07:00,2026-04-09T18:13:57-07:00,6,70
projects\index.html,40,html,bec72457,Calvin Truong,2026-04-09,18:13:57,-07:00,2026-04-09T18:13:57-07:00,6,220
projects\index.html,41,html,bec72457,Calvin Truong,2026-04-09,18:13:57,-07:00,2026-04-09T18:13:57-07:00,4,8
projects\index.html,42,html,bec72457,Calvin Truong,2026-04-09,18:13:57,-07:00,2026-04-09T18:13:57-07:00,4,7
projects\index.html,43,html,bec72457,Calvin Truong,2026-04-09,18:13:57,-07:00,2026-04-09T18:13:57-07:00,6,43
projects\index.html,44,html,bec72457,Calvin Truong,2026-04-09,18:13:57,-07:00,2026-04-09T18:13:57-07:00,6,70
projects\index.html,45,html,bec72457,Calvin Truong,2026-04-09,18:13:57,-07:00,2026-04-09T18:13:57-07:00,6,258
projects\index.html,46,html,bec72457,Calvin Truong,2026-04-09,18:13:57,-07:00,2026-04-09T18:13:57-07:00,4,8
projects\index.html,47,html,bec72457,Calvin Truong,2026-04-09,18:13:57,-07:00,2026-04-09T18:13:57-07:00,4,7
projects\index.html,48,html,bec72457,Calvin Truong,2026-04-09,18:13:57,-07:00,2026-04-09T18:13:57-07:00,6,42
projects\index.html,49,html,bec72457,Calvin Truong,2026-04-09,18:13:57,-07:00,2026-04-09T18:13:57-07:00,6,70
projects\index.html,50,html,bec72457,Calvin Truong,2026-04-09,18:13:57,-07:00,2026-04-09T18:13:57-07:00,6,226
projects\index.html,51,html,bec72457,Calvin Truong,2026-04-09,18:13:57,-07:00,2026-04-09T18:13:57-07:00,4,8
projects\index.html,52,html,bec72457,Calvin Truong,2026-04-09,18:13:57,-07:00,2026-04-09T18:13:57-07:00,4,7
projects\index.html,53,html,bec72457,Calvin Truong,2026-04-09,18:13:57,-07:00,2026-04-09T18:13:57-07:00,6,41
projects\index.html,54,html,bec72457,Calvin Truong,2026-04-09,18:13:57,-07:00,2026-04-09T18:13:57-07:00,6,70
projects\index.html,55,html,bec72457,Calvin Truong,2026-04-09,18:13:57,-07:00,2026-04-09T18:13:57-07:00,6,246
projects\index.html,56,html,bec72457,Calvin Truong,2026-04-09,18:13:57,-07:00,2026-04-09T18:13:57-07:00,4,8
projects\index.html,57,html,bec72457,Calvin Truong,2026-04-09,18:13:57,-07:00,2026-04-09T18:13:57-07:00,4,7
projects\index.html,58,html,bec72457,Calvin Truong,2026-04-09,18:13:57,-07:00,2026-04-09T18:13:57-07:00,6,42
projects\index.html,59,html,bec72457,Calvin Truong,2026-04-09,18:13:57,-07:00,2026-04-09T18:13:57-07:00,6,70
projects\index.html,60,html,bec72457,Calvin Truong,2026-04-09,18:13:57,-07:00,2026-04-09T18:13:57-07:00,6,213
projects\index.html,61,html,bec72457,Calvin Truong,2026-04-09,18:13:57,-07:00,2026-04-09T18:13:57-07:00,4,8
projects\index.html,62,html,bec72457,Calvin Truong,2026-04-09,18:13:57,-07:00,2026-04-09T18:13:57-07:00,4,7
projects\index.html,63,html,bec72457,Calvin Truong,2026-04-09,18:13:57,-07:00,2026-04-09T18:13:57-07:00,6,28
projects\index.html,64,html,bec72457,Calvin Truong,2026-04-09,18:13:57,-07:00,2026-04-09T18:13:57-07:00,6,70
projects\index.html,65,html,bec72457,Calvin Truong,2026-04-09,18:13:57,-07:00,2026-04-09T18:13:57-07:00,6,236
projects\index.html,66,html,bec72457,Calvin Truong,2026-04-09,18:13:57,-07:00,2026-04-09T18:13:57-07:00,4,8
projects\index.html,67,html,bec72457,Calvin Truong,2026-04-09,18:13:57,-07:00,2026-04-09T18:13:57-07:00,4,7
projects\index.html,68,html,bec72457,Calvin Truong,2026-04-09,18:13:57,-07:00,2026-04-09T18:13:57-07:00,6,36
projects\index.html,69,html,bec72457,Calvin Truong,2026-04-09,18:13:57,-07:00,2026-04-09T18:13:57-07:00,6,70
projects\index.html,70,html,bec72457,Calvin Truong,2026-04-09,18:13:57,-07:00,2026-04-09T18:13:57-07:00,6,230
projects\index.html,71,html,bec72457,Calvin Truong,2026-04-09,18:13:57,-07:00,2026-04-09T18:13:57-07:00,4,8
projects\index.html,72,html,bec72457,Calvin Truong,2026-04-09,18:13:57,-07:00,2026-04-09T18:13:57-07:00,4,7
projects\index.html,73,html,bec72457,Calvin Truong,2026-04-09,18:13:57,-07:00,2026-04-09T18:13:57-07:00,6,44
projects\index.html,74,html,bec72457,Calvin Truong,2026-04-09,18:13:57,-07:00,2026-04-09T18:13:57-07:00,6,70
projects\index.html,75,html,bec72457,Calvin Truong,2026-04-09,18:13:57,-07:00,2026-04-09T18:13:57-07:00,6,232
projects\index.html,76,html,bec72457,Calvin Truong,2026-04-09,18:13:57,-07:00,2026-04-09T18:13:57-07:00,4,8
projects\index.html,77,html,bec72457,Calvin Truong,2026-04-09,18:13:57,-07:00,2026-04-09T18:13:57-07:00,4,7
projects\index.html,78,html,bec72457,Calvin Truong,2026-04-09,18:13:57,-07:00,2026-04-09T18:13:57-07:00,6,29
projects\index.html,79,html,bec72457,Calvin Truong,2026-04-09,18:13:57,-07:00,2026-04-09T18:13:57-07:00,6,70
projects\index.html,80,html,bec72457,Calvin Truong,2026-04-09,18:13:57,-07:00,2026-04-09T18:13:57-07:00,6,225
projects\index.html,81,html,bec72457,Calvin Truong,2026-04-09,18:13:57,-07:00,2026-04-09T18:13:57-07:00,4,8
projects\index.html,82,html,bec72457,Calvin Truong,2026-04-09,18:13:57,-07:00,2026-04-09T18:13:57-07:00,2,4
projects\index.html,83,html,70664836,Calvin Truong,2026-04-23,17:26:16,-07:00,2026-04-23T17:26:16-07:00,0,0
projects\index.html,84,html,70664836,Calvin Truong,2026-04-23,17:26:16,-07:00,2026-04-23T17:26:16-07:00,2,47
projects\index.html,85,html,f7618a96,Calvin Truong,2026-04-03,01:23:45,-07:00,2026-04-03T01:23:45-07:00,2,0
projects\index.html,86,html,f7618a96,Calvin Truong,2026-04-03,01:23:45,-07:00,2026-04-03T01:23:45-07:00,0,5
projects\index.html,87,html,f7618a96,Calvin Truong,2026-04-03,01:23:45,-07:00,2026-04-03T01:23:45-07:00,0,5
contact\index.html,1,html,f7618a96,Calvin Truong,2026-04-03,01:23:45,-07:00,2026-04-03T01:23:45-07:00,0,13
contact\index.html,2,html,f7618a96,Calvin Truong,2026-04-03,01:23:45,-07:00,2026-04-03T01:23:45-07:00,0,14
contact\index.html,3,html,f7618a96,Calvin Truong,2026-04-03,01:23:45,-07:00,2026-04-03T01:23:45-07:00,0,4
contact\index.html,4,html,f7618a96,Calvin Truong,2026-04-03,01:23:45,-07:00,2026-04-03T01:23:45-07:00,2,20
contact\index.html,5,html,f7618a96,Calvin Truong,2026-04-03,01:23:45,-07:00,2026-04-03T01:23:45-07:00,2,68
contact\index.html,6,html,f7618a96,Calvin Truong,2026-04-03,01:23:45,-07:00,2026-04-03T01:23:45-07:00,2,20
contact\index.html,7,html,f7618a96,Calvin Truong,2026-04-03,01:23:45,-07:00,2026-04-03T01:23:45-07:00,2,41
contact\index.html,8,html,825ef939,Calvin Truong,2026-04-15,21:21:04,-07:00,2026-04-15T21:21:04-07:00,2,48
contact\index.html,9,html,f7618a96,Calvin Truong,2026-04-03,01:23:45,-07:00,2026-04-03T01:23:45-07:00,0,5
contact\index.html,10,html,f7618a96,Calvin Truong,2026-04-03,01:23:45,-07:00,2026-04-03T01:23:45-07:00,0,4
contact\index.html,11,html,f7618a96,Calvin Truong,2026-04-03,01:23:45,-07:00,2026-04-03T01:23:45-07:00,0,0
contact\index.html,12,html,f7618a96,Calvin Truong,2026-04-03,01:23:45,-07:00,2026-04-03T01:23:45-07:00,2,14
contact\index.html,13,html,f7618a96,Calvin Truong,2026-04-03,01:23:45,-07:00,2026-04-03T01:23:45-07:00,0,0
contact\index.html,14,html,f7618a96,Calvin Truong,2026-04-03,01:23:45,-07:00,2026-04-03T01:23:45-07:00,2,71
contact\index.html,15,html,f7618a96,Calvin Truong,2026-04-03,01:23:45,-07:00,2026-04-03T01:23:45-07:00,4,53
contact\index.html,16,html,f7618a96,Calvin Truong,2026-04-03,01:23:45,-07:00,2026-04-03T01:23:45-07:00,4,44
contact\index.html,17,html,f7618a96,Calvin Truong,2026-04-03,01:23:45,-07:00,2026-04-03T01:23:45-07:00,4,52
contact\index.html,18,html,f7618a96,Calvin Truong,2026-04-03,01:23:45,-07:00,2026-04-03T01:23:45-07:00,4,21
contact\index.html,19,html,f7618a96,Calvin Truong,2026-04-03,01:23:45,-07:00,2026-04-03T01:23:45-07:00,2,5
contact\index.html,20,html,f7618a96,Calvin Truong,2026-04-03,01:23:45,-07:00,2026-04-03T01:23:45-07:00,2,0
contact\index.html,21,html,f7618a96,Calvin Truong,2026-04-03,01:23:45,-07:00,2026-04-03T01:23:45-07:00,0,5
contact\index.html,22,html,f7618a96,Calvin Truong,2026-04-03,01:23:45,-07:00,2026-04-03T01:23:45-07:00,0,5
